$ turbo run build
• turbo 2.9.18

   • Packages in scope: @n8n/agents, @n8n/ai-node-sdk, @n8n/ai-utilities, @n8n/ai-workflow-builder, @n8n/api-types, @n8n/backend-common, @n8n/backend-network, @n8n/backend-test-utils, @n8n/blob-storage, @n8n/chat, @n8n/chat-hub, @n8n/cli, @n8n/client-oauth2, @n8n/code-health, @n8n/codemirror-lang, @n8n/codemirror-lang-html, @n8n/codemirror-lang-sql, @n8n/composables, @n8n/computer-use, @n8n/config, @n8n/constants, @n8n/crdt, @n8n/create-node, @n8n/db, @n8n/decorators, @n8n/design-system, @n8n/di, @n8n/engine, @n8n/errors, @n8n/eslint-config, @n8n/eslint-plugin-community-nodes, @n8n/eslint-plugin-design-system, @n8n/expression-runtime, @n8n/extension-sdk, @n8n/frontend-constants, @n8n/frontend-module-instance-registry, @n8n/frontend-module-otel, @n8n/frontend-module-sdk, @n8n/frontend-test-utils, @n8n/frontend-utils, @n8n/frontend-vite-config, @n8n/i18n, @n8n/imap, @n8n/instance-ai, @n8n/json-schema-to-zod, @n8n/local-gateway, @n8n/mcp-apps, @n8n/mcp-browser, @n8n/mcp-browser-extension, @n8n/module-cli, @n8n/n8n-benchmark, @n8n/n8n-extension-insights, @n8n/n8n-nodes-langchain, @n8n/node-cli, @n8n/node-engine-compatibility, @n8n/performance, @n8n/permissions, @n8n/playwright-janitor, @n8n/rest-api-client, @n8n/rules-engine, @n8n/scan-community-package, @n8n/scheduler, @n8n/stores, @n8n/storybook, @n8n/stylelint-config, @n8n/syslog-client, @n8n/task-runner, @n8n/telemetry, @n8n/test-impact, @n8n/tournament, @n8n/typeorm, @n8n/typescript-config, @n8n/utils, @n8n/vitest-config, @n8n/workflow-sdk, n8n, n8n-containers, n8n-core, n8n-editor-ui, n8n-node-dev, n8n-nodes-base, n8n-nodes-rm-workflow, n8n-playwright, n8n-workflow
   • Running build in 84 packages
   • Remote caching disabled

@n8n/vitest-config:build: cache hit, replaying logs a8a00c2078b09695
@n8n/vitest-config:build: $ tsc -p tsconfig.build.json
@n8n/stylelint-config:build: cache hit, replaying logs f4244f20ca331688
@n8n/stylelint-config:build: $ tsc
@n8n/errors:build: cache hit, replaying logs 7f2a4fbb0fe73f59
@n8n/constants:build: cache hit, replaying logs 2936fd3c4b3e7935
@n8n/test-impact:build: cache hit, replaying logs 53b8b68db185514c
@n8n/extension-sdk:build: cache hit, replaying logs 8b1dafbffdf95330
@n8n/syslog-client:build: cache hit, replaying logs aa0785ffec2dcfe7
@n8n/rules-engine:build: cache hit, replaying logs 730fb32ff5e1f2eb
@n8n/test-impact:build: $ tsc
@n8n/extension-sdk:build: $ pnpm typecheck && pnpm clean && tsdown && pnpm create-json-schema
@n8n/extension-sdk:build: $ pnpm --sequential run "/^typecheck:.+/"
@n8n/extension-sdk:build: $ tsc --noEmit --project tsconfig.frontend.json
@n8n/extension-sdk:build: $ tsc --noEmit --project tsconfig.backend.json
@n8n/extension-sdk:build: $ rimraf dist
@n8n/extension-sdk:build: ℹ tsdown v0.16.5 powered by rolldown v1.0.0-beta.50
@n8n/extension-sdk:build: ℹ Using tsdown config: D:\CODE\N8N\n8n\packages\@n8n\extension-sdk\tsdown.config.ts
@n8n/extension-sdk:build: ℹ entry: src\index.ts, src\schema.ts
@n8n/extension-sdk:build: ℹ entry: src\backend\define.ts, src\backend\index.ts, src\backend\types.ts
@n8n/extension-sdk:build: ℹ entry: src\frontend\define.ts, src\frontend\index.ts, src\frontend\types.ts
@n8n/extension-sdk:build: ℹ tsconfig: tsconfig.common.json
@n8n/extension-sdk:build: ℹ tsconfig: tsconfig.backend.json
@n8n/extension-sdk:build: ℹ tsconfig: tsconfig.frontend.json
@n8n/extension-sdk:build: ℹ Build start
@n8n/extension-sdk:build: ℹ [CJS] dist\index.cjs        0.12 kB │ gzip: 0.09 kB
@n8n/extension-sdk:build: ℹ [CJS] dist\schema.cjs       0.12 kB │ gzip: 0.09 kB
@n8n/extension-sdk:build: ℹ [CJS] dist\schema2.cjs.map  2.81 kB │ gzip: 0.87 kB
@n8n/extension-sdk:build: ℹ [CJS] dist\schema2.cjs      0.90 kB │ gzip: 0.39 kB
@n8n/extension-sdk:build: ℹ [CJS] 4 files, total: 3.95 kB
@n8n/extension-sdk:build: ℹ [CJS] dist\backend\define.cjs       0.12 kB │ gzip: 0.09 kB
@n8n/extension-sdk:build: ℹ [CJS] dist\backend\index.cjs        0.12 kB │ gzip: 0.09 kB
@n8n/extension-sdk:build: ℹ [CJS] dist\backend\types.cjs        0.00 kB │ gzip: 0.02 kB
@n8n/extension-sdk:build: ℹ [CJS] dist\backend\define2.cjs.map  0.34 kB │ gzip: 0.23 kB
@n8n/extension-sdk:build: ℹ [CJS] dist\backend\define2.cjs      0.29 kB │ gzip: 0.20 kB
@n8n/extension-sdk:build: ℹ [CJS] 5 files, total: 0.87 kB
@n8n/extension-sdk:build: ℹ [CJS] dist\frontend\define.cjs       0.12 kB │ gzip: 0.09 kB
@n8n/extension-sdk:build: ℹ [CJS] dist\frontend\index.cjs        0.12 kB │ gzip: 0.09 kB
@n8n/extension-sdk:build: ℹ [CJS] dist\frontend\types.cjs        0.00 kB │ gzip: 0.02 kB
@n8n/extension-sdk:build: ℹ [CJS] dist\frontend\define2.cjs.map  0.34 kB │ gzip: 0.23 kB
@n8n/extension-sdk:build: ℹ [CJS] dist\frontend\define2.cjs      0.30 kB │ gzip: 0.20 kB
@n8n/extension-sdk:build: ℹ [CJS] 5 files, total: 0.88 kB
@n8n/extension-sdk:build: ℹ [ESM] dist\index.mjs        0.10 kB │ gzip: 0.09 kB
@n8n/extension-sdk:build: ℹ [ESM] dist\schema.mjs       0.10 kB │ gzip: 0.09 kB
@n8n/extension-sdk:build: ℹ [ESM] dist\schema2.mjs.map  2.79 kB │ gzip: 0.86 kB
@n8n/extension-sdk:build: ℹ [ESM] dist\schema2.mjs      0.70 kB │ gzip: 0.33 kB
@n8n/extension-sdk:build: ℹ [ESM] dist\index.d.mts      0.14 kB │ gzip: 0.10 kB
@n8n/extension-sdk:build: ℹ [ESM] dist\schema.d.mts     0.14 kB │ gzip: 0.10 kB
@n8n/extension-sdk:build: ℹ [ESM] dist\schema2.d.mts    2.37 kB │ gzip: 0.49 kB
@n8n/extension-sdk:build: ℹ [ESM] 7 files, total: 6.33 kB
@n8n/extension-sdk:build: ℹ [ESM] dist\backend\define.mjs       0.10 kB │ gzip: 0.09 kB
@n8n/extension-sdk:build: ℹ [ESM] dist\backend\index.mjs        0.10 kB │ gzip: 0.09 kB
@n8n/extension-sdk:build: ℹ [ESM] dist\backend\types.mjs        0.01 kB │ gzip: 0.03 kB
@n8n/extension-sdk:build: ℹ [ESM] dist\backend\define2.mjs.map  0.34 kB │ gzip: 0.23 kB
@n8n/extension-sdk:build: ℹ [ESM] dist\backend\define2.mjs      0.19 kB │ gzip: 0.15 kB
@n8n/extension-sdk:build: ℹ [ESM] dist\backend\index.d.mts      0.28 kB │ gzip: 0.13 kB
@n8n/extension-sdk:build: ℹ [ESM] dist\backend\types.d.mts      0.19 kB │ gzip: 0.11 kB
@n8n/extension-sdk:build: ℹ [ESM] dist\backend\define.d.mts     0.12 kB │ gzip: 0.10 kB
@n8n/extension-sdk:build: ℹ [ESM] dist\backend\types2.d.mts     0.36 kB │ gzip: 0.20 kB
@n8n/extension-sdk:build: ℹ [ESM] dist\backend\define2.d.mts    0.27 kB │ gzip: 0.17 kB
@n8n/extension-sdk:build: ℹ [ESM] 10 files, total: 1.95 kB
@n8n/extension-sdk:build: ℹ [ESM] dist\frontend\define.mjs       0.10 kB │ gzip: 0.09 kB
@n8n/extension-sdk:build: ℹ [ESM] dist\frontend\index.mjs        0.10 kB │ gzip: 0.09 kB
@n8n/extension-sdk:build: ℹ [ESM] dist\frontend\types.mjs        0.01 kB │ gzip: 0.03 kB
@n8n/extension-sdk:build: ℹ [ESM] dist\frontend\define2.mjs.map  0.34 kB │ gzip: 0.23 kB
@n8n/extension-sdk:build: ℹ [ESM] dist\frontend\define2.mjs      0.19 kB │ gzip: 0.15 kB
@n8n/extension-sdk:build: ℹ [ESM] dist\frontend\index.d.mts      0.28 kB │ gzip: 0.13 kB
@n8n/extension-sdk:build: ℹ [ESM] dist\frontend\types.d.mts      0.20 kB │ gzip: 0.11 kB
@n8n/extension-sdk:build: ℹ [ESM] dist\frontend\define.d.mts     0.12 kB │ gzip: 0.10 kB
@n8n/extension-sdk:build: ℹ [ESM] dist\frontend\types2.d.mts     0.57 kB │ gzip: 0.28 kB
@n8n/extension-sdk:build: ℹ [ESM] dist\frontend\define2.d.mts    0.27 kB │ gzip: 0.18 kB
@n8n/extension-sdk:build: ℹ [ESM] 10 files, total: 2.19 kB
@n8n/extension-sdk:build: ℹ [CJS] dist\index.d.cts    0.14 kB │ gzip: 0.10 kB
@n8n/extension-sdk:build: ℹ [CJS] dist\schema.d.cts   0.14 kB │ gzip: 0.10 kB
@n8n/extension-sdk:build: ℹ [CJS] dist\schema2.d.cts  2.37 kB │ gzip: 0.49 kB
@n8n/extension-sdk:build: ℹ [CJS] 3 files, total: 2.65 kB
@n8n/extension-sdk:build: ✔ Build complete in 6016ms
@n8n/extension-sdk:build: ℹ [CJS] dist\frontend\index.d.cts    0.28 kB │ gzip: 0.13 kB
@n8n/extension-sdk:build: ℹ [CJS] dist\frontend\types.d.cts    0.20 kB │ gzip: 0.11 kB
@n8n/extension-sdk:build: ℹ [CJS] dist\frontend\define.d.cts   0.12 kB │ gzip: 0.10 kB
@n8n/extension-sdk:build: ℹ [CJS] dist\frontend\types2.d.cts   0.57 kB │ gzip: 0.28 kB
@n8n/extension-sdk:build: ℹ [CJS] dist\frontend\define2.d.cts  0.27 kB │ gzip: 0.18 kB
@n8n/extension-sdk:build: ℹ [CJS] 5 files, total: 1.45 kB
@n8n/extension-sdk:build: ℹ [CJS] dist\backend\index.d.cts    0.28 kB │ gzip: 0.13 kB
@n8n/extension-sdk:build: ℹ [CJS] dist\backend\types.d.cts    0.19 kB │ gzip: 0.11 kB
@n8n/extension-sdk:build: ℹ [CJS] dist\backend\define.d.cts   0.12 kB │ gzip: 0.10 kB
@n8n/extension-sdk:build: ℹ [CJS] dist\backend\types2.d.cts   0.36 kB │ gzip: 0.20 kB
@n8n/extension-sdk:build: ℹ [CJS] dist\backend\define2.d.cts  0.27 kB │ gzip: 0.18 kB
@n8n/extension-sdk:build: ℹ [CJS] 5 files, total: 1.22 kB
@n8n/extension-sdk:build: ✔ Build complete in 6022ms
@n8n/extension-sdk:build: ✔ Build complete in 6022ms
@n8n/extension-sdk:build: $ tsx scripts/create-json-schema.ts
@n8n/constants:build: $ tsc -p tsconfig.build.json
@n8n/n8n-benchmark:build: cache hit, replaying logs 8eee751bda16f1fd
@n8n/errors:build: $ tsc -p tsconfig.build.json
@n8n/syslog-client:build: $ tsc -p tsconfig.build.json
@n8n/eslint-plugin-design-system:build: cache hit, replaying logs 53fa693627f7d6b6
@n8n/eslint-plugin-design-system:build: $ tsc --project tsconfig.json
@n8n/json-schema-to-zod:build: cache hit, replaying logs 7df7f6a25e115521
@n8n/n8n-benchmark:build: $ tsc -p tsconfig.build.json && tsc-alias -p tsconfig.build.json
@n8n/json-schema-to-zod:build: $ rimraf ./dist && pnpm run build:types && pnpm run build:cjs && pnpm run build:esm
@n8n/json-schema-to-zod:build: $ tsc -p tsconfig.types.json
@n8n/json-schema-to-zod:build: $ tsc -p tsconfig.cjs.json && node postcjs.cjs
@n8n/json-schema-to-zod:build: $ tsc -p tsconfig.esm.json && node postesm.cjs
@n8n/rules-engine:build: $ tsc -p tsconfig.build.json
@n8n/di:build: cache hit, replaying logs f4c952205ba7112f
@n8n/codemirror-lang:build: cache hit, replaying logs 0e63a82cfd905157
@n8n/codemirror-lang:build: $ tsc -p tsconfig.build.json
@n8n/tournament:build: cache hit, replaying logs c50cc57f367e8fb4
@n8n/di:build: $ tsc -p tsconfig.build.json
@n8n/imap:build: cache hit, replaying logs ddc58b1855b7273e
@n8n/tournament:build: $ tsc -p ./tsconfig.build.json
@n8n/imap:build: $ tsc -p tsconfig.build.json
@n8n/codemirror-lang-html:build: cache hit, replaying logs 1ad1bb6679a6f294
@n8n/permissions:build: cache hit, replaying logs 3678bb79d5bacf9e
@n8n/codemirror-lang-html:build: $ cm-buildhelper src/html.ts
@n8n/permissions:build: $ tsc -p tsconfig.build.json
@n8n/typeorm:build: cache hit, replaying logs 45d7c821fb342269
@n8n/n8n-extension-insights:build: cache hit, replaying logs 183c327921441c07
@n8n/mcp-browser:build: cache hit, replaying logs 9bfcb18bea53e024
@n8n/typeorm:build: $ pnpm compile
@n8n/typeorm:build: $ tsc -p tsconfig.build.json
@n8n/n8n-extension-insights:build: $ pnpm cleanup && pnpm run "/^build:(backend|frontend)$/"
@n8n/n8n-extension-insights:build: $ rimraf dist
@n8n/crdt:build: cache hit, replaying logs b9229a0981b9d396
@n8n/codemirror-lang-sql:build: cache hit, replaying logs eaf299e637b8fd52
@n8n/mcp-browser:build: $ tsc -p tsconfig.build.json
@n8n/crdt:build: $ tsc -p tsconfig.build.json
@n8n/codemirror-lang-sql:build: $ tsc -p tsconfig.build.json
@n8n/code-health:build: cache hit, replaying logs 11a4ea9e24d2cd3a
@n8n/cli:build: cache hit, replaying logs abac36b056a933ac
@n8n/code-health:build: $ tsc -p tsconfig.build.json
@n8n/cli:build: $ tsc -p tsconfig.build.json
@n8n/config:build: cache hit, replaying logs 0e493ae51ca63c98
@n8n/config:build: $ tsc -p tsconfig.build.json
@n8n/eslint-config:build: cache hit, replaying logs 792daff2c63ebec7
@n8n/eslint-config:build: $ tsc
@n8n/frontend-utils:build: cache hit, replaying logs bffa339639f3959a
@n8n/frontend-constants:build: cache hit, replaying logs d6f8d949e8a08835
@n8n/computer-use:build: cache hit, replaying logs 1591bcd7766ce0a8
@n8n/expression-runtime:build: cache hit, replaying logs da4fe4a54e71012f
@n8n/frontend-constants:build: $ tsdown
@n8n/frontend-constants:build: ℹ tsdown v0.16.5 powered by rolldown v1.0.0-beta.50
@n8n/frontend-constants:build: ℹ Using tsdown config: D:\CODE\N8N\n8n\packages\frontend\@n8n\frontend-constants\tsdown.config.ts
@n8n/frontend-constants:build: ℹ entry: src\urls.ts, src\users.ts, src\versions.ts, src\views.ts, src\z-indexes.ts
@n8n/frontend-constants:build: ℹ tsconfig: tsconfig.json
@n8n/frontend-constants:build: ℹ Build start
@n8n/frontend-constants:build: ℹ [CJS] dist\views.cjs          5.10 kB │ gzip: 1.84 kB
@n8n/frontend-constants:build: ℹ [CJS] dist\z-indexes.cjs      1.01 kB │ gzip: 0.62 kB
@n8n/frontend-constants:build: ℹ [CJS] dist\versions.cjs       1.00 kB │ gzip: 0.48 kB
@n8n/frontend-constants:build: ℹ [CJS] dist\urls.cjs           0.26 kB │ gzip: 0.21 kB
@n8n/frontend-constants:build: ℹ [CJS] dist\users.cjs          0.19 kB │ gzip: 0.15 kB
@n8n/frontend-utils:build: $ tsdown
@n8n/frontend-utils:build: ℹ tsdown v0.16.5 powered by rolldown v1.0.0-beta.50
@n8n/frontend-utils:build: ℹ Using tsdown config: D:\CODE\N8N\n8n\packages\frontend\@n8n\frontend-utils\tsdown.config.ts
@n8n/frontend-utils:build: ℹ entry: src\htmlUtils.ts, src\constants\sanitization.ts
@n8n/frontend-utils:build: ℹ tsconfig: tsconfig.json
@n8n/frontend-utils:build: ℹ Build start
@n8n/frontend-utils:build: ℹ [CJS] dist\htmlUtils.cjs               4.49 kB │ gzip: 1.90 kB
@n8n/frontend-utils:build: ℹ [CJS] dist\constants/sanitization.cjs  0.21 kB │ gzip: 0.12 kB
@n8n/frontend-utils:build: ℹ [CJS] dist\htmlUtils.cjs.map           6.63 kB │ gzip: 2.68 kB
@n8n/frontend-utils:build: ℹ [CJS] dist\sanitization.cjs            0.62 kB │ gzip: 0.32 kB
@n8n/frontend-utils:build: ℹ [CJS] dist\sanitization.cjs.map        0.61 kB │ gzip: 0.31 kB
@n8n/frontend-utils:build: ℹ [CJS] 5 files, total: 12.55 kB
@n8n/frontend-utils:build: ℹ [ESM] dist\htmlUtils.mjs                 3.22 kB │ gzip: 1.44 kB
@n8n/frontend-constants:build: ℹ [CJS] dist\views.cjs.map      5.03 kB │ gzip: 1.83 kB
@n8n/frontend-utils:build: ℹ [ESM] dist\constants/sanitization.mjs    0.15 kB │ gzip: 0.11 kB
@n8n/frontend-constants:build: ℹ [CJS] dist\z-indexes.cjs.map  1.65 kB │ gzip: 0.90 kB
@n8n/frontend-utils:build: ℹ [ESM] dist\htmlUtils.mjs.map             6.56 kB │ gzip: 2.67 kB
@n8n/frontend-constants:build: ℹ [CJS] dist\versions.cjs.map   0.91 kB │ gzip: 0.52 kB
@n8n/frontend-utils:build: ℹ [ESM] dist\sanitization.mjs.map          0.61 kB │ gzip: 0.31 kB
@n8n/frontend-constants:build: ℹ [CJS] dist\urls.cjs.map       0.28 kB │ gzip: 0.24 kB
@n8n/frontend-utils:build: ℹ [ESM] dist\sanitization.mjs              0.41 kB │ gzip: 0.25 kB
@n8n/frontend-constants:build: ℹ [CJS] dist\users.cjs.map      0.19 kB │ gzip: 0.18 kB
@n8n/frontend-utils:build: ℹ [ESM] dist\htmlUtils.d.mts               0.90 kB │ gzip: 0.42 kB
@n8n/frontend-constants:build: ℹ [CJS] 10 files, total: 15.62 kB
@n8n/frontend-utils:build: ℹ [ESM] dist\constants/sanitization.d.mts  0.24 kB │ gzip: 0.17 kB
@n8n/frontend-constants:build: ℹ [ESM] dist\views.mjs          5.10 kB │ gzip: 1.84 kB
@n8n/frontend-utils:build: ℹ [ESM] 7 files, total: 12.09 kB
@n8n/frontend-constants:build: ℹ [ESM] dist\z-indexes.mjs      1.00 kB │ gzip: 0.62 kB
@n8n/frontend-utils:build: ℹ [CJS] dist\htmlUtils.d.cts               0.90 kB │ gzip: 0.42 kB
@n8n/frontend-constants:build: ℹ [ESM] dist\versions.mjs       0.85 kB │ gzip: 0.47 kB
@n8n/frontend-utils:build: ℹ [CJS] dist\constants/sanitization.d.cts  0.24 kB │ gzip: 0.17 kB
@n8n/frontend-constants:build: ℹ [ESM] dist\urls.mjs           0.24 kB │ gzip: 0.21 kB
@n8n/frontend-utils:build: ℹ [CJS] 2 files, total: 1.15 kB
@n8n/frontend-constants:build: ℹ [ESM] dist\users.mjs          0.16 kB │ gzip: 0.15 kB
@n8n/frontend-utils:build: ✔ Build complete in 2094ms
@n8n/frontend-constants:build: ℹ [ESM] dist\views.mjs.map      5.03 kB │ gzip: 1.82 kB
@n8n/frontend-constants:build: ℹ [ESM] dist\z-indexes.mjs.map  1.65 kB │ gzip: 0.90 kB
@n8n/frontend-constants:build: ℹ [ESM] dist\versions.mjs.map   0.91 kB │ gzip: 0.52 kB
@n8n/frontend-constants:build: ℹ [ESM] dist\urls.mjs.map       0.28 kB │ gzip: 0.24 kB
@n8n/frontend-constants:build: ℹ [ESM] dist\users.mjs.map      0.19 kB │ gzip: 0.18 kB
@n8n/frontend-constants:build: ℹ [ESM] dist\views.d.mts        3.19 kB │ gzip: 1.16 kB
@n8n/frontend-constants:build: ℹ [ESM] dist\z-indexes.d.mts    0.95 kB │ gzip: 0.42 kB
@n8n/frontend-constants:build: ℹ [ESM] dist\versions.d.mts     0.49 kB │ gzip: 0.23 kB
@n8n/computer-use:build: $ tsc -p tsconfig.build.json
@n8n/frontend-constants:build: ℹ [ESM] dist\users.d.mts        0.17 kB │ gzip: 0.15 kB
@n8n/frontend-constants:build: ℹ [ESM] dist\urls.d.mts         0.17 kB │ gzip: 0.15 kB
@n8n/frontend-constants:build: ℹ [ESM] 15 files, total: 20.36 kB
@n8n/frontend-constants:build: ℹ [CJS] dist\views.d.cts      3.19 kB │ gzip: 1.16 kB
@n8n/frontend-constants:build: ℹ [CJS] dist\z-indexes.d.cts  0.95 kB │ gzip: 0.42 kB
@n8n/frontend-constants:build: ℹ [CJS] dist\versions.d.cts   0.49 kB │ gzip: 0.23 kB
@n8n/frontend-constants:build: ℹ [CJS] dist\users.d.cts      0.17 kB │ gzip: 0.15 kB
@n8n/frontend-constants:build: ℹ [CJS] dist\urls.d.cts       0.17 kB │ gzip: 0.15 kB
@n8n/frontend-constants:build: ℹ [CJS] 5 files, total: 4.97 kB
@n8n/frontend-constants:build: ✔ Build complete in 1991ms
@n8n/expression-runtime:build: $ tsc --build tsconfig.build.esm.json tsconfig.build.cjs.json && pnpm build:runtime
@n8n/expression-runtime:build: $ node esbuild.config.js
@n8n/expression-runtime:build: ✅ Runtime bundles created successfully
@n8n/playwright-janitor:build: cache hit, replaying logs 637be412f08ae61a
@n8n/playwright-janitor:build: $ tsc
@n8n/utils:build: cache hit, replaying logs 48d9a9e87c3587d8
@n8n/engine:build: cache hit, replaying logs db23e73695f9b383
@n8n/utils:build: $ tsdown
@n8n/utils:build: ℹ tsdown v0.22.8 powered by rolldown v1.1.5
@n8n/utils:build: ℹ config file: D:\CODE\N8N\n8n\packages\@n8n\utils\tsdown.config.ts 
@n8n/utils:build: ℹ entry: src\assert.ts, src\client-assertion.ts, src\create-event-queue.ts, src\event-bus.ts, src\format-pem-block.ts, src\generate-nano-id.ts, src\get-jwt-expiry.ts, src\is-record.ts, src\lazy-import.ts, src\placeholder.ts, src\result.ts, src\retry.ts, src\scrub-secrets.ts, src\sleep.ts, src\types.ts, src\errors\ensure-error.ts, src\errors\error-chain.ts, src\files\is-windows-file-path.ts, src\files\sanitize-filename.ts, src\number\bytes.ts, src\number\smart-decimal.ts, src\json\json-size-exceeds.ts, src\json\to-json-value.ts, src\promise\deferred-promise.ts, src\redaction\pii-patterns.ts, src\redaction\redact-text.ts, src\search\re-rank-search-results.ts, src\search\sublime-search.ts, src\sort\sort-by-property.ts, src\string\truncate.ts
@n8n/utils:build: ℹ tsconfig: tsconfig.json
@n8n/utils:build: ℹ Build start
@n8n/utils:build: 
@n8n/utils:build:  WARN  TypeScript 7.0 does not yet have a stable API and is experimental. Some options will be unavailable.
@n8n/utils:build: 
@n8n/utils:build: ℹ Emit types with typescript@7.0.2
@n8n/utils:build: ℹ [CJS] dist\json\json-size-exceeds.cjs              8.65 kB │ gzip: 3.12 kB
@n8n/utils:build: ℹ [CJS] dist\redaction\pii-patterns.cjs              6.92 kB │ gzip: 3.04 kB
@n8n/utils:build: ℹ [CJS] dist\search\sublime-search.cjs               5.96 kB │ gzip: 1.88 kB
@n8n/utils:build: ℹ [CJS] dist\redaction\redact-text.cjs               5.50 kB │ gzip: 2.22 kB
@n8n/utils:build: ℹ [CJS] dist\placeholder.cjs                         3.42 kB │ gzip: 1.21 kB
@n8n/utils:build: ℹ [CJS] dist\scrub-secrets.cjs                       2.35 kB │ gzip: 1.23 kB
@n8n/utils:build: ℹ [CJS] dist\format-pem-block.cjs                    2.35 kB │ gzip: 1.11 kB
@n8n/utils:build: ℹ [CJS] dist\client-assertion.cjs                    2.00 kB │ gzip: 0.91 kB
@n8n/utils:build: ℹ [CJS] dist\files\sanitize-filename.cjs             1.93 kB │ gzip: 0.91 kB
@n8n/utils:build: ℹ [CJS] dist\string\truncate.cjs                     1.67 kB │ gzip: 0.72 kB
@n8n/utils:build: ℹ [CJS] dist\json\to-json-value.cjs                  1.54 kB │ gzip: 0.72 kB
@n8n/utils:build: ℹ [CJS] dist\retry.cjs                               1.52 kB │ gzip: 0.71 kB
@n8n/utils:build: ℹ [CJS] dist\errors\error-chain.cjs                  1.18 kB │ gzip: 0.63 kB
@n8n/utils:build: ℹ [CJS] dist\create-event-queue.cjs                  1.10 kB │ gzip: 0.53 kB
@n8n/utils:build: ℹ [CJS] dist\event-bus.cjs                           1.10 kB │ gzip: 0.51 kB
@n8n/utils:build: ℹ [CJS] dist\sleep.cjs                               1.06 kB │ gzip: 0.49 kB
@n8n/utils:build: ℹ [CJS] dist\lazy-import.cjs                         0.99 kB │ gzip: 0.56 kB
@n8n/utils:build: ℹ [CJS] dist\result.cjs                              0.81 kB │ gzip: 0.43 kB
@n8n/utils:build: ℹ [CJS] dist\generate-nano-id.cjs                    0.78 kB │ gzip: 0.49 kB
@n8n/utils:build: ℹ [CJS] dist\get-jwt-expiry.cjs                      0.76 kB │ gzip: 0.50 kB
@n8n/utils:build: ℹ [CJS] dist\number\bytes.cjs                        0.67 kB │ gzip: 0.36 kB
@n8n/utils:build: ℹ [CJS] dist\search\re-rank-search-results.cjs       0.64 kB │ gzip: 0.35 kB
@n8n/utils:build: ℹ [CJS] dist\number\smart-decimal.cjs                0.47 kB │ gzip: 0.29 kB
@n8n/utils:build: ℹ [CJS] dist\sort\sort-by-property.cjs               0.46 kB │ gzip: 0.30 kB
@n8n/utils:build: ℹ [CJS] dist\promise\deferred-promise.cjs            0.42 kB │ gzip: 0.26 kB
@n8n/utils:build: ℹ [CJS] dist\errors\ensure-error.cjs                 0.39 kB │ gzip: 0.26 kB
@n8n/utils:build: ℹ [CJS] dist\files\is-windows-file-path.cjs          0.39 kB │ gzip: 0.28 kB
@n8n/utils:build: ℹ [CJS] dist\assert.cjs                              0.31 kB │ gzip: 0.24 kB
@n8n/utils:build: ℹ [CJS] dist\is-record.cjs                           0.29 kB │ gzip: 0.22 kB
@n8n/utils:build: ℹ [CJS] dist\types.cjs                               0.00 kB │ gzip: 0.02 kB
@n8n/utils:build: ℹ [CJS] dist\json\json-size-exceeds.cjs.map         16.32 kB │ gzip: 5.15 kB
@n8n/utils:build: ℹ [CJS] dist\redaction\pii-patterns.cjs.map         13.98 kB │ gzip: 5.37 kB
@n8n/utils:build: ℹ [CJS] dist\search\sublime-search.cjs.map          13.00 kB │ gzip: 3.99 kB
@n8n/utils:build: ℹ [CJS] dist\redaction\redact-text.cjs.map          11.93 kB │ gzip: 4.20 kB
@n8n/utils:build: ℹ [CJS] dist\scrub-secrets.cjs.map                   5.97 kB │ gzip: 2.78 kB
@n8n/utils:build: ℹ [CJS] dist\placeholder.cjs.map                     5.58 kB │ gzip: 1.87 kB
@n8n/utils:build: ℹ [CJS] dist\format-pem-block.cjs.map                4.50 kB │ gzip: 1.88 kB
@n8n/utils:build: ℹ [CJS] dist\client-assertion.cjs.map                4.00 kB │ gzip: 1.66 kB
@n8n/utils:build: ℹ [CJS] dist\files\sanitize-filename.cjs.map         3.13 kB │ gzip: 1.27 kB
@n8n/utils:build: ℹ [CJS] dist\event-bus.cjs.map                       3.11 kB │ gzip: 1.00 kB
@n8n/utils:build: ℹ [CJS] dist\json\to-json-value.cjs.map              2.88 kB │ gzip: 1.08 kB
@n8n/utils:build: ℹ [CJS] dist\string\truncate.cjs.map                 2.87 kB │ gzip: 1.13 kB
@n8n/utils:build: ℹ [CJS] dist\retry.cjs.map                           2.48 kB │ gzip: 1.07 kB
@n8n/utils:build: ℹ [CJS] dist\errors\error-chain.cjs.map              2.03 kB │ gzip: 0.94 kB
@n8n/utils:build: ℹ [CJS] dist\create-event-queue.cjs.map              1.87 kB │ gzip: 0.83 kB
@n8n/utils:build: ℹ [CJS] dist\sleep.cjs.map                           1.66 kB │ gzip: 0.71 kB
@n8n/utils:build: ℹ [CJS] dist\search\re-rank-search-results.cjs.map   1.36 kB │ gzip: 0.65 kB
@n8n/utils:build: ℹ [CJS] dist\result.cjs.map                          1.28 kB │ gzip: 0.63 kB
@n8n/utils:build: ℹ [CJS] dist\lazy-import.cjs.map                     1.11 kB │ gzip: 0.61 kB
@n8n/utils:build: ℹ [CJS] dist\get-jwt-expiry.cjs.map                  1.09 kB │ gzip: 0.63 kB
@n8n/utils:build: ℹ [CJS] dist\number\bytes.cjs.map                    0.96 kB │ gzip: 0.46 kB
@n8n/utils:build: ℹ [CJS] dist\generate-nano-id.cjs.map                0.91 kB │ gzip: 0.50 kB
@n8n/utils:build: ℹ [CJS] dist\number\smart-decimal.cjs.map            0.89 kB │ gzip: 0.52 kB
@n8n/utils:build: ℹ [CJS] dist\promise\deferred-promise.cjs.map        0.83 kB │ gzip: 0.42 kB
@n8n/utils:build: ℹ [CJS] dist\sort\sort-by-property.cjs.map           0.71 kB │ gzip: 0.43 kB
@n8n/utils:build: ℹ [CJS] dist\errors\ensure-error.cjs.map             0.58 kB │ gzip: 0.36 kB
@n8n/utils:build: ℹ [CJS] dist\assert.cjs.map                          0.48 kB │ gzip: 0.33 kB
@n8n/utils:build: ℹ [CJS] dist\files\is-windows-file-path.cjs.map      0.41 kB │ gzip: 0.30 kB
@n8n/utils:build: ℹ [CJS] dist\is-record.cjs.map                       0.37 kB │ gzip: 0.27 kB
@n8n/utils:build: ℹ [CJS] 59 files, total: 161.96 kB
@n8n/utils:build: ℹ [CJS] dist\redaction\pii-patterns.d.cts         1.42 kB │ gzip: 0.56 kB
@n8n/utils:build: ℹ [CJS] dist\redaction\redact-text.d.cts          1.09 kB │ gzip: 0.47 kB
@n8n/utils:build: ℹ [CJS] dist\event-bus.d.cts                      0.98 kB │ gzip: 0.34 kB
@n8n/utils:build: ℹ [CJS] dist\placeholder.d.cts                    0.73 kB │ gzip: 0.28 kB
@n8n/utils:build: ℹ [CJS] dist\types.d.cts                          0.69 kB │ gzip: 0.33 kB
@n8n/utils:build: ℹ [CJS] dist\result.d.cts                         0.53 kB │ gzip: 0.26 kB
@n8n/utils:build: ℹ [CJS] dist\client-assertion.d.cts               0.49 kB │ gzip: 0.27 kB
@n8n/utils:build: ℹ [CJS] dist\scrub-secrets.d.cts                  0.45 kB │ gzip: 0.28 kB
@n8n/utils:build: ℹ [CJS] dist\promise\deferred-promise.d.cts       0.43 kB │ gzip: 0.25 kB
@n8n/utils:build: ℹ [CJS] dist\json\to-json-value.d.cts             0.40 kB │ gzip: 0.26 kB
@n8n/utils:build: ℹ [CJS] dist\search\sublime-search.d.cts          0.40 kB │ gzip: 0.26 kB
@n8n/utils:build: ℹ [CJS] dist\search\re-rank-search-results.d.cts  0.37 kB │ gzip: 0.22 kB
@n8n/utils:build: ℹ [CJS] dist\errors\error-chain.d.cts             0.34 kB │ gzip: 0.22 kB
@n8n/utils:build: ℹ [CJS] dist\string\truncate.d.cts                0.33 kB │ gzip: 0.20 kB
@n8n/utils:build: ℹ [CJS] dist\retry.d.cts                          0.28 kB │ gzip: 0.21 kB
@n8n/utils:build: ℹ [CJS] dist\create-event-queue.d.cts             0.25 kB │ gzip: 0.17 kB
@n8n/utils:build: ℹ [CJS] dist\sort\sort-by-property.d.cts          0.22 kB │ gzip: 0.18 kB
@n8n/utils:build: ℹ [CJS] dist\number\bytes.d.cts                   0.22 kB │ gzip: 0.16 kB
@n8n/utils:build: ℹ [CJS] dist\files\sanitize-filename.d.cts        0.21 kB │ gzip: 0.16 kB
@n8n/utils:build: ℹ [CJS] dist\json\json-size-exceeds.d.cts         0.21 kB │ gzip: 0.17 kB
@n8n/utils:build: ℹ [CJS] dist\files\is-windows-file-path.d.cts     0.20 kB │ gzip: 0.16 kB
@n8n/utils:build: ℹ [CJS] dist\format-pem-block.d.cts               0.20 kB │ gzip: 0.16 kB
@n8n/utils:build: ℹ [CJS] dist\number\smart-decimal.d.cts           0.20 kB │ gzip: 0.15 kB
@n8n/utils:build: ℹ [CJS] dist\lazy-import.d.cts                    0.18 kB │ gzip: 0.16 kB
@n8n/utils:build: ℹ [CJS] dist\get-jwt-expiry.d.cts                 0.18 kB │ gzip: 0.15 kB
@n8n/utils:build: ℹ [CJS] dist\generate-nano-id.d.cts               0.18 kB │ gzip: 0.15 kB
@n8n/utils:build: ℹ [CJS] dist\is-record.d.cts                      0.18 kB │ gzip: 0.15 kB
@n8n/utils:build: ℹ [CJS] dist\assert.d.cts                         0.18 kB │ gzip: 0.15 kB
@n8n/utils:build: ℹ [CJS] dist\errors\ensure-error.d.cts            0.17 kB │ gzip: 0.14 kB
@n8n/utils:build: ℹ [CJS] dist\sleep.d.cts                          0.17 kB │ gzip: 0.15 kB
@n8n/utils:build: ℹ [CJS] 30 files, total: 11.87 kB
@n8n/utils:build: ✔ Build complete in 2456ms
@n8n/utils:build: ℹ [ESM] dist\json\json-size-exceeds.mjs              8.56 kB │ gzip: 3.07 kB
@n8n/utils:build: ℹ [ESM] dist\redaction\pii-patterns.mjs              6.62 kB │ gzip: 2.94 kB
@n8n/utils:build: ℹ [ESM] dist\search\sublime-search.mjs               5.85 kB │ gzip: 1.82 kB
@n8n/utils:build: ℹ [ESM] dist\redaction\redact-text.mjs               5.27 kB │ gzip: 2.15 kB
@n8n/utils:build: ℹ [ESM] dist\placeholder.mjs                         3.17 kB │ gzip: 1.13 kB
@n8n/utils:build: ℹ [ESM] dist\format-pem-block.mjs                    2.26 kB │ gzip: 1.06 kB
@n8n/utils:build: ℹ [ESM] dist\scrub-secrets.mjs                       2.20 kB │ gzip: 1.17 kB
@n8n/utils:build: ℹ [ESM] dist\files\sanitize-filename.mjs             1.84 kB │ gzip: 0.85 kB
@n8n/utils:build: ℹ [ESM] dist\client-assertion.mjs                    1.80 kB │ gzip: 0.84 kB
@n8n/utils:build: ℹ [ESM] dist\string\truncate.mjs                     1.56 kB │ gzip: 0.67 kB
@n8n/utils:build: ℹ [ESM] dist\json\to-json-value.mjs                  1.46 kB │ gzip: 0.68 kB
@n8n/utils:build: ℹ [ESM] dist\retry.mjs                               1.44 kB │ gzip: 0.66 kB
@n8n/utils:build: ℹ [ESM] dist\errors\error-chain.mjs                  1.07 kB │ gzip: 0.58 kB
@n8n/utils:build: ℹ [ESM] dist\event-bus.mjs                           1.01 kB │ gzip: 0.46 kB
@n8n/utils:build: ℹ [ESM] dist\create-event-queue.mjs                  1.01 kB │ gzip: 0.48 kB
@n8n/utils:build: ℹ [ESM] dist\lazy-import.mjs                         0.91 kB │ gzip: 0.51 kB
@n8n/utils:build: ℹ [ESM] dist\sleep.mjs                               0.91 kB │ gzip: 0.43 kB
@n8n/utils:build: ℹ [ESM] dist\generate-nano-id.mjs                    0.70 kB │ gzip: 0.43 kB
@n8n/utils:build: ℹ [ESM] dist\get-jwt-expiry.mjs                      0.67 kB │ gzip: 0.45 kB
@n8n/utils:build: ℹ [ESM] dist\result.mjs                              0.63 kB │ gzip: 0.36 kB
@n8n/utils:build: ℹ [ESM] dist\number\bytes.mjs                        0.57 kB │ gzip: 0.31 kB
@n8n/utils:build: ℹ [ESM] dist\search\re-rank-search-results.mjs       0.55 kB │ gzip: 0.30 kB
@n8n/utils:build: ℹ [ESM] dist\number\smart-decimal.mjs                0.39 kB │ gzip: 0.25 kB
@n8n/utils:build: ℹ [ESM] dist\sort\sort-by-property.mjs               0.38 kB │ gzip: 0.26 kB
@n8n/utils:build: ℹ [ESM] dist\promise\deferred-promise.mjs            0.33 kB │ gzip: 0.20 kB
@n8n/utils:build: ℹ [ESM] dist\errors\ensure-error.mjs                 0.31 kB │ gzip: 0.21 kB
@n8n/utils:build: ℹ [ESM] dist\files\is-windows-file-path.mjs          0.30 kB │ gzip: 0.23 kB
@n8n/utils:build: ℹ [ESM] dist\assert.mjs                              0.23 kB │ gzip: 0.18 kB
@n8n/utils:build: ℹ [ESM] dist\is-record.mjs                           0.21 kB │ gzip: 0.17 kB
@n8n/utils:build: ℹ [ESM] dist\types.mjs                               0.01 kB │ gzip: 0.03 kB
@n8n/utils:build: ℹ [ESM] dist\json\json-size-exceeds.mjs.map         16.31 kB │ gzip: 5.15 kB
@n8n/utils:build: ℹ [ESM] dist\redaction\pii-patterns.mjs.map         13.95 kB │ gzip: 5.37 kB
@n8n/utils:build: ℹ [ESM] dist\search\sublime-search.mjs.map          13.00 kB │ gzip: 3.99 kB
@n8n/utils:build: ℹ [ESM] dist\redaction\redact-text.mjs.map          11.90 kB │ gzip: 4.20 kB
@n8n/utils:build: ℹ [ESM] dist\scrub-secrets.mjs.map                   5.97 kB │ gzip: 2.78 kB
@n8n/utils:build: ℹ [ESM] dist\placeholder.mjs.map                     5.58 kB │ gzip: 1.87 kB
@n8n/utils:build: ℹ [ESM] dist\format-pem-block.mjs.map                4.50 kB │ gzip: 1.87 kB
@n8n/utils:build: ℹ [ESM] dist\client-assertion.mjs.map                3.90 kB │ gzip: 1.62 kB
@n8n/utils:build: ℹ [ESM] dist\files\sanitize-filename.mjs.map         3.13 kB │ gzip: 1.27 kB
@n8n/utils:build: ℹ [ESM] dist\event-bus.mjs.map                       3.11 kB │ gzip: 1.00 kB
@n8n/utils:build: ℹ [ESM] dist\json\to-json-value.mjs.map              2.88 kB │ gzip: 1.08 kB
@n8n/utils:build: ℹ [ESM] dist\string\truncate.mjs.map                 2.87 kB │ gzip: 1.13 kB
@n8n/utils:build: ℹ [ESM] dist\retry.mjs.map                           2.48 kB │ gzip: 1.07 kB
@n8n/utils:build: ℹ [ESM] dist\errors\error-chain.mjs.map              2.03 kB │ gzip: 0.93 kB
@n8n/utils:build: ℹ [ESM] dist\create-event-queue.mjs.map              1.87 kB │ gzip: 0.83 kB
@n8n/utils:build: ℹ [ESM] dist\sleep.mjs.map                           1.63 kB │ gzip: 0.70 kB
@n8n/utils:build: ℹ [ESM] dist\search\re-rank-search-results.mjs.map   1.36 kB │ gzip: 0.65 kB
@n8n/utils:build: ℹ [ESM] dist\result.mjs.map                          1.25 kB │ gzip: 0.62 kB
@n8n/utils:build: ℹ [ESM] dist\lazy-import.mjs.map                     1.11 kB │ gzip: 0.61 kB
@n8n/utils:build: ℹ [ESM] dist\get-jwt-expiry.mjs.map                  1.09 kB │ gzip: 0.63 kB
@n8n/utils:build: ℹ [ESM] dist\number\bytes.mjs.map                    0.96 kB │ gzip: 0.46 kB
@n8n/utils:build: ℹ [ESM] dist\number\smart-decimal.mjs.map            0.89 kB │ gzip: 0.52 kB
@n8n/utils:build: ℹ [ESM] dist\generate-nano-id.mjs.map                0.87 kB │ gzip: 0.48 kB
@n8n/utils:build: ℹ [ESM] dist\promise\deferred-promise.mjs.map        0.83 kB │ gzip: 0.42 kB
@n8n/utils:build: ℹ [ESM] dist\sort\sort-by-property.mjs.map           0.71 kB │ gzip: 0.42 kB
@n8n/utils:build: ℹ [ESM] dist\errors\ensure-error.mjs.map             0.58 kB │ gzip: 0.36 kB
@n8n/utils:build: ℹ [ESM] dist\assert.mjs.map                          0.48 kB │ gzip: 0.33 kB
@n8n/utils:build: ℹ [ESM] dist\files\is-windows-file-path.mjs.map      0.41 kB │ gzip: 0.30 kB
@n8n/utils:build: ℹ [ESM] dist\is-record.mjs.map                       0.37 kB │ gzip: 0.27 kB
@n8n/utils:build: ℹ [ESM] dist\redaction\pii-patterns.d.mts            1.42 kB │ gzip: 0.56 kB
@n8n/utils:build: ℹ [ESM] dist\redaction\redact-text.d.mts             1.09 kB │ gzip: 0.47 kB
@n8n/utils:build: ℹ [ESM] dist\event-bus.d.mts                         0.98 kB │ gzip: 0.34 kB
@n8n/utils:build: ℹ [ESM] dist\placeholder.d.mts                       0.73 kB │ gzip: 0.28 kB
@n8n/utils:build: ℹ [ESM] dist\types.d.mts                             0.69 kB │ gzip: 0.33 kB
@n8n/utils:build: ℹ [ESM] dist\result.d.mts                            0.53 kB │ gzip: 0.26 kB
@n8n/utils:build: ℹ [ESM] dist\client-assertion.d.mts                  0.49 kB │ gzip: 0.27 kB
@n8n/utils:build: ℹ [ESM] dist\scrub-secrets.d.mts                     0.45 kB │ gzip: 0.28 kB
@n8n/utils:build: ℹ [ESM] dist\promise\deferred-promise.d.mts          0.43 kB │ gzip: 0.25 kB
@n8n/utils:build: ℹ [ESM] dist\json\to-json-value.d.mts                0.40 kB │ gzip: 0.26 kB
@n8n/utils:build: ℹ [ESM] dist\search\sublime-search.d.mts             0.40 kB │ gzip: 0.26 kB
@n8n/utils:build: ℹ [ESM] dist\search\re-rank-search-results.d.mts     0.37 kB │ gzip: 0.23 kB
@n8n/utils:build: ℹ [ESM] dist\errors\error-chain.d.mts                0.34 kB │ gzip: 0.22 kB
@n8n/utils:build: ℹ [ESM] dist\string\truncate.d.mts                   0.33 kB │ gzip: 0.20 kB
@n8n/utils:build: ℹ [ESM] dist\retry.d.mts                             0.28 kB │ gzip: 0.21 kB
@n8n/utils:build: ℹ [ESM] dist\create-event-queue.d.mts                0.25 kB │ gzip: 0.17 kB
@n8n/utils:build: ℹ [ESM] dist\sort\sort-by-property.d.mts             0.22 kB │ gzip: 0.18 kB
@n8n/utils:build: ℹ [ESM] dist\number\bytes.d.mts                      0.22 kB │ gzip: 0.16 kB
@n8n/utils:build: ℹ [ESM] dist\files\sanitize-filename.d.mts           0.21 kB │ gzip: 0.16 kB
@n8n/utils:build: ℹ [ESM] dist\json\json-size-exceeds.d.mts            0.21 kB │ gzip: 0.17 kB
@n8n/utils:build: ℹ [ESM] dist\files\is-windows-file-path.d.mts        0.20 kB │ gzip: 0.16 kB
@n8n/utils:build: ℹ [ESM] dist\format-pem-block.d.mts                  0.20 kB │ gzip: 0.16 kB
@n8n/utils:build: ℹ [ESM] dist\number\smart-decimal.d.mts              0.20 kB │ gzip: 0.15 kB
@n8n/utils:build: ℹ [ESM] dist\lazy-import.d.mts                       0.18 kB │ gzip: 0.16 kB
@n8n/utils:build: ℹ [ESM] dist\get-jwt-expiry.d.mts                    0.18 kB │ gzip: 0.15 kB
@n8n/utils:build: ℹ [ESM] dist\generate-nano-id.d.mts                  0.18 kB │ gzip: 0.15 kB
@n8n/utils:build: ℹ [ESM] dist\is-record.d.mts                         0.18 kB │ gzip: 0.15 kB
@n8n/utils:build: ℹ [ESM] dist\assert.d.mts                            0.18 kB │ gzip: 0.15 kB
@n8n/utils:build: ℹ [ESM] dist\errors\ensure-error.d.mts               0.17 kB │ gzip: 0.14 kB
@n8n/utils:build: ℹ [ESM] dist\sleep.d.mts                             0.17 kB │ gzip: 0.15 kB
@n8n/utils:build: ℹ [ESM] 89 files, total: 170.12 kB
@n8n/utils:build: ✔ Build complete in 2723ms
@n8n/local-gateway:build: cache hit, replaying logs 2debd8ae1dd38265
@n8n/engine:build: $ tsc -p tsconfig.build.json
@n8n/local-gateway:build: $ tsc -p tsconfig.renderer.json && tsc -p tsconfig.build.json && pnpm copy:renderer && pnpm copy:assets
@n8n/local-gateway:build: $ node scripts/copy-renderer.js
@n8n/local-gateway:build: $ node scripts/copy-assets.js
@n8n/telemetry:build: cache hit, replaying logs aad076f413f7c471
@n8n/telemetry:build: $ tsc -p tsconfig.build.json
n8n-workflow:build: cache hit, replaying logs a07cbb33790e959f
n8n-workflow:build: $ tsc --build tsconfig.build.esm.json tsconfig.build.cjs.json
@n8n/i18n:build: cache miss, executing 724c42bae07dd899
n8n-nodes-rm-workflow:build: cache miss, executing ab524c69de463e20
@n8n/scheduler:build: cache hit, replaying logs 1946fd0af334cde9
@n8n/scheduler:build: $ tsc -p tsconfig.build.json
@n8n/eslint-plugin-community-nodes:build: cache hit, replaying logs 588a2802dbbc12d3
@n8n/eslint-plugin-community-nodes:build: $ tsc --project tsconfig.build.json
@n8n/api-types:build: cache hit, replaying logs 754da88c9da6db22
@n8n/api-types:build: $ tsc -p tsconfig.build.json
@n8n/chat-hub:build: cache hit, replaying logs 7c1a24aae82c6013
@n8n/chat-hub:build: $ tsc -p tsconfig.build.json
@n8n/workflow-sdk:build: cache hit, replaying logs 540e965da35f7649
@n8n/decorators:build: cache hit, replaying logs 662f35e8c25b9ceb
@n8n/decorators:build: $ tsc -p tsconfig.build.json
@n8n/workflow-sdk:build: $ tsc -p tsconfig.build.json
@n8n/backend-common:build: cache hit, replaying logs d26e7e3bd969eac6
@n8n/backend-common:build: $ tsc -p tsconfig.build.json
@n8n/backend-network:build: cache hit, replaying logs de43c06946f160e1
@n8n/backend-network:build: $ tsc -p tsconfig.build.json
@n8n/client-oauth2:build: cache hit, replaying logs 872774572e626644
@n8n/blob-storage:build: cache hit, replaying logs 3029322380cc559d
@n8n/blob-storage:build: $ tsc -p tsconfig.build.json
@n8n/client-oauth2:build: $ tsc -p tsconfig.build.json
n8n-core:build: cache hit, replaying logs 67d5ce82630fd1b9
n8n-core:build: $ tsc -p tsconfig.build.json && tsc-alias -p tsconfig.build.json
n8n-nodes-base:build: cache miss, executing c8344cba0f9083aa
@n8n/ai-utilities:build: cache hit, replaying logs 86d174847e33d52b
n8n-node-dev:build: cache hit, replaying logs 4d8aaf8099ccbafc
n8n-node-dev:build: $ tsc --noEmit
@n8n/ai-utilities:build: $ tsc --build tsconfig.build.esm.json tsconfig.build.cjs.json && tsc-alias -p tsconfig.build.esm.json && tsc-alias -p tsconfig.build.cjs.json && pnpm copy-tokenizer-json dist/cjs && pnpm copy-tokenizer-json dist/esm
@n8n/ai-utilities:build: $ node scripts/copy-tokenizer-json.js . "dist/cjs"
@n8n/ai-utilities:build: Copied: src/utils/tokenizer/cl100k_base.json -> D:\CODE\N8N\n8n\packages\@n8n\ai-utilities\dist\cjs\utils\tokenizer\cl100k_basejson
@n8n/ai-utilities:build: Copied: src/utils/tokenizer/o200k_base.json -> D:\CODE\N8N\n8n\packages\@n8n\ai-utilities\dist\cjs\utils\tokenizer\o200k_basejson
@n8n/ai-utilities:build: $ node scripts/copy-tokenizer-json.js . "dist/esm"
@n8n/ai-utilities:build: Copied: src/utils/tokenizer/cl100k_base.json -> D:\CODE\N8N\n8n\packages\@n8n\ai-utilities\dist\esm\utils\tokenizer\cl100k_basejson
@n8n/ai-utilities:build: Copied: src/utils/tokenizer/o200k_base.json -> D:\CODE\N8N\n8n\packages\@n8n\ai-utilities\dist\esm\utils\tokenizer\o200k_basejson
@n8n/task-runner:build: cache hit, replaying logs e1f8d9093bfc871b
@n8n/task-runner:build: $ tsc -p ./tsconfig.build.json && tsc-alias -p tsconfig.build.json
@n8n/ai-node-sdk:build: cache hit, replaying logs 696848afeb747b8c
@n8n/ai-node-sdk:build: $ tsc --build tsconfig.build.esm.json tsconfig.build.cjs.json
@n8n/agents:build: cache hit, replaying logs 116166eb407a7be7
@n8n/agents:build: $ rimraf dist && tsc -p tsconfig.build.json
@n8n/ai-workflow-builder:build: cache hit, replaying logs e6bc8b7bdccebe03
@n8n/ai-workflow-builder:build: $ tsc -p ./tsconfig.build.json && tsc-alias -p tsconfig.build.json
@n8n/node-cli:build: cache hit, replaying logs 5dcb4240ba728252
@n8n/node-cli:build: $ tsc -p tsconfig.build.json && pnpm copy-templates
@n8n/node-cli:build: $ node scripts/copy-templates.mjs
@n8n/db:build: cache hit, replaying logs 3e32c7f8e5b9056f
@n8n/db:build: $ pnpm gen:migration-index && tsc -p tsconfig.build.json
@n8n/db:build: $ node scripts/generate-migration-index.mjs
@n8n/db:build: generated src/migrations/{sqlite,postgresdb}/index.ts
@n8n/backend-test-utils:build: cache hit, replaying logs 34a2f3b2371fe5f5
@n8n/instance-ai:build: cache hit, replaying logs 920621bc8edccfda
@n8n/backend-test-utils:build: $ tsc -p tsconfig.build.json
@n8n/instance-ai:build: $ tsc -p ./tsconfig.build.json && tsc-alias -p tsconfig.build.json
@n8n/i18n:build: $ tsdown
n8n-nodes-rm-workflow:build: $ tsc -p tsconfig.json && node scripts/generate-translations.mjs && node scripts/copy-codex.mjs
@n8n/i18n:build: ℹ tsdown v0.16.5 powered by rolldown v1.0.0-beta.50
n8n-nodes-base:build: $ tsc --build tsconfig.build.cjs.json && pnpm copy-nodes-json && tsc-alias -p tsconfig.build.cjs.json && pnpm n8n-copy-static-files && pnpm n8n-generate-translations && pnpm n8n-generate-metadata && pnpm n8n-generate-node-defs
@n8n/i18n:build: ℹ Using tsdown config: D:\CODE\N8N\n8n\packages\frontend\@n8n\i18n\tsdown.config.ts
@n8n/i18n:build: ℹ entry: src\index.ts, src\types.ts, src\utils.ts
@n8n/i18n:build: ℹ tsconfig: tsconfig.json
@n8n/i18n:build: ℹ Build start
@n8n/i18n:build: ℹ Cleaning 21 files
n8n-nodes-base:build: $ node scripts/copy-nodes-json.js .
n8n-nodes-rm-workflow:build: Wrote D:\CODE\N8N\n8n\custom\n8n-nodes-rm-workflow\src\nodes\RmSapWorkflow\translations\zh\rmSapWorkflow.json
n8n-nodes-rm-workflow:build: Wrote D:\CODE\N8N\n8n\custom\n8n-nodes-rm-workflow\src\nodes\RmSapWorkflow\translations\vi\rmSapWorkflow.json
n8n-nodes-rm-workflow:build: Wrote D:\CODE\N8N\n8n\custom\n8n-nodes-rm-workflow\src\nodes\RmWebAutoWorkflow\translations\zh\rmWebAutoWorkflow.json
n8n-nodes-rm-workflow:build: Wrote D:\CODE\N8N\n8n\custom\n8n-nodes-rm-workflow\src\nodes\RmWebAutoWorkflow\translations\vi\rmWebAutoWorkflow.json
n8n-nodes-rm-workflow:build: Translation generation complete.
n8n-nodes-rm-workflow:build: Copied static node assets to dist/
@n8n/i18n:build: ℹ [CJS] dist\index.cjs       677.51 kB │ gzip: 148.11 kB
@n8n/i18n:build: ℹ [CJS] dist\utils.cjs         0.29 kB │ gzip:   0.15 kB
@n8n/i18n:build: ℹ [CJS] dist\types.cjs         0.00 kB │ gzip:   0.02 kB
@n8n/i18n:build: ℹ [CJS] dist\index.cjs.map   867.24 kB │ gzip: 166.29 kB
@n8n/i18n:build: ℹ [CJS] dist\utils2.cjs.map    3.55 kB │ gzip:   1.36 kB
@n8n/i18n:build: ℹ [CJS] dist\utils2.cjs        2.69 kB │ gzip:   1.02 kB
@n8n/i18n:build: ℹ [CJS] 6 files, total: 1551.30 kB
@n8n/i18n:build: ℹ [ESM] dist\index.mjs       677.08 kB │ gzip: 148.09 kB
@n8n/i18n:build: ℹ [ESM] dist\utils.mjs         0.22 kB │ gzip:   0.15 kB
@n8n/i18n:build: ℹ [ESM] dist\types.mjs         0.01 kB │ gzip:   0.03 kB
@n8n/i18n:build: ℹ [ESM] dist\index.mjs.map   867.14 kB │ gzip: 166.23 kB
@n8n/i18n:build: ℹ [ESM] dist\utils2.mjs.map    3.55 kB │ gzip:   1.36 kB
@n8n/i18n:build: ℹ [ESM] dist\utils2.mjs        2.27 kB │ gzip:   0.96 kB
@n8n/i18n:build: ℹ [ESM] dist\index.d.mts       4.13 kB │ gzip:   1.06 kB
@n8n/i18n:build: ℹ [ESM] dist\utils.d.mts       0.46 kB │ gzip:   0.25 kB
@n8n/i18n:build: ℹ [ESM] dist\types.d.mts       0.20 kB │ gzip:   0.14 kB
@n8n/i18n:build: ℹ [ESM] dist\types2.d.mts    433.55 kB │ gzip:  55.61 kB
@n8n/i18n:build: ℹ [ESM] 10 files, total: 1988.61 kB
@n8n/i18n:build: ℹ [CJS] dist\index.d.cts     4.13 kB │ gzip:  1.06 kB
@n8n/i18n:build: ℹ [CJS] dist\utils.d.cts     0.46 kB │ gzip:  0.25 kB
@n8n/i18n:build: ℹ [CJS] dist\types.d.cts     0.20 kB │ gzip:  0.14 kB
@n8n/i18n:build: ℹ [CJS] dist\types2.d.cts  433.55 kB │ gzip: 55.61 kB
@n8n/i18n:build: ℹ [CJS] 4 files, total: 438.34 kB
@n8n/i18n:build: ✔ Build complete in 3419ms
@n8n/composables:build: cache miss, executing da07b1a1259cd48d
@n8n/rest-api-client:build: cache miss, executing f7ef4a037be0b158
@n8n/composables:build: $ tsdown
@n8n/rest-api-client:build: $ tsdown
@n8n/composables:build: ℹ tsdown v0.16.5 powered by rolldown v1.0.0-beta.50
@n8n/rest-api-client:build: ℹ tsdown v0.16.5 powered by rolldown v1.0.0-beta.50
@n8n/composables:build: ℹ Using tsdown config: D:\CODE\N8N\n8n\packages\frontend\@n8n\composables\tsdown.config.ts
@n8n/composables:build: ℹ entry: src\injectionKeys.ts, src\structuralComputed.ts, src\useClipboard.ts, src\useDebounce.ts, src\useDeviceSupport.ts, src\useDocumentTitle.ts, src\useExternalHooks.ts, src\useShortKeyPress.ts, src\useStorage.ts, src\useStyles.ts, src\useTelemetry.ts, src\useThrottleWithReactiveDelay.ts, src\useToast.ts, src\registries\telemetryRegistry.ts, src\types\notification.ts
@n8n/composables:build: ℹ tsconfig: tsconfig.json
@n8n/composables:build: ℹ Build start
@n8n/composables:build: ℹ Cleaning 103 files
@n8n/rest-api-client:build: ℹ Using tsdown config: D:\CODE\N8N\n8n\packages\frontend\@n8n\rest-api-client\tsdown.config.ts
@n8n/rest-api-client:build: ℹ entry: src\index.ts, src\types.ts, src\utils.ts, src\api\ai-usage.ts, src\api\api-keys.ts, src\api\breaking-changes.ts, src\api\cloudPlans.ts, src\api\communityNodes.ts, src\api\consent.ts, src\api\credentialResolvers.ts, src\api\ctas.ts, src\api\dynamic-banners.ts, src\api\eventbus.ee.ts, src\api\events.ts, src\api\execution.ts, src\api\externalSecrets.ee.ts, src\api\index.ts, src\api\instance-registry.ts, src\api\instance-version-history.ts, src\api\ldap.ts, src\api\mfa.ts, src\api\module-settings.ts, src\api\nodeTypes.ts, src\api\npsSurvey.ts, src\api\orchestration.ts, src\api\provisioning.ts, src\api\roleMappingRule.ts, src\api\roles.ts, src\api\secretsProvider.ee.ts, src\api\security-settings.ts, src\api\settings.ts, src\api\sso.ts, src\api\tags.ts, src\api\templates.ts, src\api\third-party-licenses.ts, src\api\ui.ts, src\api\usage.ts, src\api\users.ts, src\api\versions.ts, src\api\webhooks.ts, src\api\workflowHistory.ts, src\api\workflows.ts
@n8n/rest-api-client:build: ℹ tsconfig: tsconfig.json
@n8n/rest-api-client:build: ℹ Build start
@n8n/rest-api-client:build: ℹ Cleaning 384 files
@n8n/rest-api-client:build: ℹ [CJS] dist\index.cjs                         13.85 kB │ gzip: 2.36 kB
@n8n/rest-api-client:build: ℹ [CJS] dist\api/index.cjs                     13.22 kB │ gzip: 2.20 kB
@n8n/rest-api-client:build: ℹ [CJS] dist\api/secretsProvider.ee.cjs         1.68 kB │ gzip: 0.25 kB
@n8n/rest-api-client:build: ℹ [CJS] dist\api/users.cjs                      1.22 kB │ gzip: 0.32 kB
@n8n/rest-api-client:build: ℹ [CJS] dist\api/externalSecrets.ee.cjs         1.06 kB │ gzip: 0.23 kB
@n8n/rest-api-client:build: ℹ [CJS] dist\api/breaking-changes.cjs           1.04 kB │ gzip: 0.38 kB
@n8n/rest-api-client:build: ℹ [CJS] dist\api/nodeTypes.cjs                  1.01 kB │ gzip: 0.27 kB
@n8n/rest-api-client:build: ℹ [CJS] dist\api/credentialResolvers.cjs        0.73 kB │ gzip: 0.17 kB
@n8n/rest-api-client:build: ℹ [CJS] dist\utils.cjs                          0.68 kB │ gzip: 0.24 kB
@n8n/rest-api-client:build: ℹ [CJS] dist\api/sso.cjs                        0.63 kB │ gzip: 0.19 kB
@n8n/rest-api-client:build: ℹ [CJS] dist\api/templates.cjs                  0.59 kB │ gzip: 0.20 kB
@n8n/rest-api-client:build: ℹ [CJS] dist\api/eventbus.ee.cjs                0.56 kB │ gzip: 0.19 kB
@n8n/rest-api-client:build: ℹ [CJS] dist\api/cloudPlans.cjs                 0.54 kB │ gzip: 0.20 kB
@n8n/rest-api-client:build: ℹ [CJS] dist\api/consent.cjs                    0.52 kB │ gzip: 0.27 kB
@n8n/rest-api-client:build: ℹ [CJS] dist\api/roles.cjs                      0.50 kB │ gzip: 0.17 kB
@n8n/rest-api-client:build: ℹ [CJS] dist\api/workflowHistory.cjs            0.49 kB │ gzip: 0.17 kB
@n8n/rest-api-client:build: ℹ [CJS] dist\api/roleMappingRule.cjs            0.48 kB │ gzip: 0.15 kB
@n8n/rest-api-client:build: ℹ [CJS] dist\api/communityNodes.cjs             0.48 kB │ gzip: 0.17 kB
@n8n/rest-api-client:build: ℹ [CJS] dist\api/api-keys.cjs                   0.41 kB │ gzip: 0.15 kB
@n8n/rest-api-client:build: ℹ [CJS] dist\api/usage.cjs                      0.37 kB │ gzip: 0.17 kB
@n8n/rest-api-client:build: ℹ [CJS] dist\api/ldap.cjs                       0.36 kB │ gzip: 0.16 kB
@n8n/rest-api-client:build: ℹ [CJS] dist\api/mfa.cjs                        0.35 kB │ gzip: 0.17 kB
@n8n/rest-api-client:build: ℹ [CJS] dist\api/dynamic-banners.cjs            0.30 kB │ gzip: 0.20 kB
@n8n/rest-api-client:build: ℹ [CJS] dist\api/security-settings.cjs          0.26 kB │ gzip: 0.12 kB
@n8n/rest-api-client:build: ℹ [CJS] dist\api/provisioning.cjs               0.24 kB │ gzip: 0.12 kB
@n8n/rest-api-client:build: ℹ [CJS] dist\api/versions.cjs                   0.20 kB │ gzip: 0.12 kB
@n8n/rest-api-client:build: ℹ [CJS] dist\api/instance-version-history.cjs   0.20 kB │ gzip: 0.13 kB
@n8n/rest-api-client:build: ℹ [CJS] dist\api/third-party-licenses.cjs       0.19 kB │ gzip: 0.12 kB
@n8n/rest-api-client:build: ℹ [CJS] dist\api/instance-registry.cjs          0.16 kB │ gzip: 0.12 kB
@n8n/rest-api-client:build: ℹ [CJS] dist\api/module-settings.cjs            0.16 kB │ gzip: 0.11 kB
@n8n/rest-api-client:build: ℹ [CJS] dist\api/orchestration.cjs              0.16 kB │ gzip: 0.11 kB
@n8n/rest-api-client:build: ℹ [CJS] dist\api/npsSurvey.cjs                  0.15 kB │ gzip: 0.10 kB
@n8n/rest-api-client:build: ℹ [CJS] dist\api/ai-usage.cjs                   0.15 kB │ gzip: 0.11 kB
@n8n/rest-api-client:build: ℹ [CJS] dist\api/ui.cjs                         0.14 kB │ gzip: 0.11 kB
@n8n/rest-api-client:build: ℹ [CJS] dist\api/ctas.cjs                       0.14 kB │ gzip: 0.10 kB
@n8n/rest-api-client:build: ℹ [CJS] dist\api/events.cjs                     0.13 kB │ gzip: 0.10 kB
@n8n/rest-api-client:build: ℹ [CJS] dist\api/settings.cjs                   0.13 kB │ gzip: 0.09 kB
@n8n/rest-api-client:build: ℹ [CJS] dist\api/webhooks.cjs                   0.13 kB │ gzip: 0.10 kB
@n8n/rest-api-client:build: ℹ [CJS] dist\api/execution.cjs                  0.00 kB │ gzip: 0.02 kB
@n8n/rest-api-client:build: ℹ [CJS] dist\api/tags.cjs                       0.00 kB │ gzip: 0.02 kB
@n8n/rest-api-client:build: ℹ [CJS] dist\api/workflows.cjs                  0.00 kB │ gzip: 0.02 kB
@n8n/rest-api-client:build: ℹ [CJS] dist\types.cjs                          0.00 kB │ gzip: 0.02 kB
@n8n/rest-api-client:build: ℹ [CJS] dist\utils2.cjs.map                    14.92 kB │ gzip: 4.67 kB
@n8n/rest-api-client:build: ℹ [CJS] dist\utils2.cjs                         9.24 kB │ gzip: 2.94 kB
@n8n/rest-api-client:build: ℹ [CJS] dist\users.cjs.map                      9.02 kB │ gzip: 1.83 kB
@n8n/rest-api-client:build: ℹ [CJS] dist\templates.cjs.map                  7.99 kB │ gzip: 2.02 kB
@n8n/rest-api-client:build: ℹ [CJS] dist\secretsProvider.ee.cjs.map         6.91 kB │ gzip: 1.07 kB
@n8n/rest-api-client:build: ℹ [CJS] dist\nodeTypes.cjs.map                  6.00 kB │ gzip: 1.63 kB
@n8n/rest-api-client:build: ℹ [CJS] dist\secretsProvider.ee.cjs             5.63 kB │ gzip: 0.64 kB
@n8n/rest-api-client:build: ℹ [CJS] dist\users.cjs                          5.38 kB │ gzip: 0.82 kB
@n8n/rest-api-client:build: ℹ [CJS] dist\nodeTypes.cjs                      4.74 kB │ gzip: 1.07 kB
@n8n/rest-api-client:build: ℹ [CJS] dist\cloudPlans.cjs.map                 4.61 kB │ gzip: 1.56 kB
@n8n/rest-api-client:build: ℹ [CJS] dist\externalSecrets.ee.cjs.map         4.43 kB │ gzip: 1.02 kB
@n8n/rest-api-client:build: ℹ [CJS] dist\workflowHistory.cjs.map            4.03 kB │ gzip: 1.06 kB
@n8n/rest-api-client:build: ℹ [CJS] dist\sso.cjs.map                        3.93 kB │ gzip: 1.02 kB
@n8n/rest-api-client:build: ℹ [CJS] dist\externalSecrets.ee.cjs             3.84 kB │ gzip: 0.66 kB
@n8n/rest-api-client:build: ℹ [CJS] dist\roleMappingRule.cjs.map            3.73 kB │ gzip: 1.18 kB
@n8n/rest-api-client:build: ℹ [CJS] dist\roles.cjs.map                      3.13 kB │ gzip: 0.88 kB
@n8n/rest-api-client:build: ℹ [CJS] dist\sso.cjs                            3.04 kB │ gzip: 0.53 kB
@n8n/rest-api-client:build: ℹ [CJS] dist\credentialResolvers.cjs.map        3.00 kB │ gzip: 0.79 kB
@n8n/rest-api-client:build: ℹ [CJS] dist\templates.cjs                      2.79 kB │ gzip: 0.66 kB
@n8n/rest-api-client:build: ℹ [CJS] dist\ldap.cjs.map                       2.79 kB │ gzip: 0.90 kB
@n8n/rest-api-client:build: ℹ [CJS] dist\api-keys.cjs.map                   2.74 kB │ gzip: 0.88 kB
@n8n/rest-api-client:build: ℹ [CJS] dist\eventbus.ee.cjs.map                2.43 kB │ gzip: 0.80 kB
@n8n/rest-api-client:build: ℹ [CJS] dist\credentialResolvers.cjs            2.42 kB │ gzip: 0.49 kB
@n8n/rest-api-client:build: ℹ [CJS] dist\roles.cjs                          2.41 kB │ gzip: 0.54 kB
@n8n/rest-api-client:build: ℹ [CJS] dist\communityNodes.cjs.map             2.21 kB │ gzip: 0.82 kB
@n8n/rest-api-client:build: ℹ [CJS] dist\versions.cjs.map                   2.19 kB │ gzip: 0.78 kB
@n8n/rest-api-client:build: ℹ [CJS] dist\api/breaking-changes.cjs.map       2.09 kB │ gzip: 0.72 kB
@n8n/rest-api-client:build: ℹ [CJS] dist\mfa.cjs.map                        1.96 kB │ gzip: 0.62 kB
@n8n/rest-api-client:build: ℹ [CJS] dist\cloudPlans.cjs                     1.95 kB │ gzip: 0.47 kB
@n8n/rest-api-client:build: ℹ [CJS] dist\eventbus.ee.cjs                    1.94 kB │ gzip: 0.50 kB
@n8n/rest-api-client:build: ℹ [CJS] dist\roleMappingRule.cjs                1.94 kB │ gzip: 0.58 kB
@n8n/rest-api-client:build: ℹ [CJS] dist\workflowHistory.cjs                1.90 kB │ gzip: 0.46 kB
@n8n/rest-api-client:build: ℹ [CJS] dist\usage.cjs.map                      1.88 kB │ gzip: 0.64 kB
@n8n/rest-api-client:build: ℹ [CJS] dist\api/consent.cjs.map                1.84 kB │ gzip: 0.80 kB
@n8n/rest-api-client:build: ℹ [CJS] dist\api-keys.cjs                       1.80 kB │ gzip: 0.48 kB
@n8n/rest-api-client:build: ℹ [CJS] dist\communityNodes.cjs                 1.76 kB │ gzip: 0.57 kB
@n8n/rest-api-client:build: ℹ [CJS] dist\mfa.cjs                            1.63 kB │ gzip: 0.41 kB
@n8n/rest-api-client:build: ℹ [CJS] dist\usage.cjs                          1.52 kB │ gzip: 0.42 kB
@n8n/rest-api-client:build: ℹ [CJS] dist\provisioning.cjs.map               1.50 kB │ gzip: 0.63 kB
@n8n/rest-api-client:build: ℹ [CJS] dist\ldap.cjs                           1.47 kB │ gzip: 0.40 kB
@n8n/rest-api-client:build: ℹ [CJS] dist\api/dynamic-banners.cjs.map        0.99 kB │ gzip: 0.51 kB
@n8n/rest-api-client:build: ℹ [CJS] dist\security-settings.cjs.map          0.93 kB │ gzip: 0.40 kB
@n8n/rest-api-client:build: ℹ [CJS] dist\versions.cjs                       0.88 kB │ gzip: 0.37 kB
@n8n/rest-api-client:build: ℹ [CJS] dist\webhooks.cjs.map                   0.77 kB │ gzip: 0.42 kB
@n8n/rest-api-client:build: ℹ [CJS] dist\provisioning.cjs                   0.73 kB │ gzip: 0.32 kB
@n8n/rest-api-client:build: ℹ [CJS] dist\security-settings.cjs              0.71 kB │ gzip: 0.31 kB
@n8n/rest-api-client:build: ℹ [CJS] dist\ui.cjs.map                         0.69 kB │ gzip: 0.41 kB
@n8n/rest-api-client:build: ℹ [CJS] dist\instance-version-history.cjs.map   0.66 kB │ gzip: 0.40 kB
@n8n/rest-api-client:build: ℹ [CJS] dist\ai-usage.cjs.map                   0.62 kB │ gzip: 0.35 kB
@n8n/rest-api-client:build: ℹ [CJS] dist\instance-registry.cjs.map          0.58 kB │ gzip: 0.34 kB
@n8n/rest-api-client:build: ℹ [CJS] dist\module-settings.cjs.map            0.58 kB │ gzip: 0.33 kB
@n8n/rest-api-client:build: ℹ [CJS] dist\third-party-licenses.cjs.map       0.57 kB │ gzip: 0.35 kB
@n8n/rest-api-client:build: ℹ [CJS] dist\orchestration.cjs.map              0.57 kB │ gzip: 0.35 kB
@n8n/rest-api-client:build: ℹ [CJS] dist\npsSurvey.cjs.map                  0.57 kB │ gzip: 0.33 kB
@n8n/rest-api-client:build: ℹ [CJS] dist\settings.cjs.map                   0.54 kB │ gzip: 0.32 kB
@n8n/rest-api-client:build: ℹ [CJS] dist\instance-version-history.cjs       0.49 kB │ gzip: 0.30 kB
@n8n/rest-api-client:build: ℹ [CJS] dist\events.cjs.map                     0.47 kB │ gzip: 0.31 kB
@n8n/rest-api-client:build: ℹ [CJS] dist\ctas.cjs.map                       0.47 kB │ gzip: 0.32 kB
@n8n/rest-api-client:build: ℹ [CJS] dist\third-party-licenses.cjs           0.47 kB │ gzip: 0.29 kB
@n8n/rest-api-client:build: ℹ [CJS] dist\orchestration.cjs                  0.47 kB │ gzip: 0.30 kB
@n8n/rest-api-client:build: ℹ [CJS] dist\ui.cjs                             0.44 kB │ gzip: 0.29 kB
@n8n/rest-api-client:build: ℹ [CJS] dist\npsSurvey.cjs                      0.42 kB │ gzip: 0.28 kB
@n8n/rest-api-client:build: ℹ [CJS] dist\ai-usage.cjs                       0.42 kB │ gzip: 0.28 kB
@n8n/rest-api-client:build: ℹ [CJS] dist\instance-registry.cjs              0.41 kB │ gzip: 0.27 kB
@n8n/rest-api-client:build: ℹ [CJS] dist\module-settings.cjs                0.41 kB │ gzip: 0.27 kB
@n8n/rest-api-client:build: ℹ [CJS] dist\webhooks.cjs                       0.39 kB │ gzip: 0.27 kB
@n8n/rest-api-client:build: ℹ [CJS] dist\events.cjs                         0.39 kB │ gzip: 0.27 kB
@n8n/rest-api-client:build: ℹ [CJS] dist\ctas.cjs                           0.38 kB │ gzip: 0.26 kB
@n8n/rest-api-client:build: ℹ [CJS] dist\settings.cjs                       0.37 kB │ gzip: 0.26 kB
@n8n/rest-api-client:build: ℹ [CJS] dist\api.cjs                            0.00 kB │ gzip: 0.02 kB
@n8n/rest-api-client:build: ℹ [CJS] 112 files, total: 208.71 kB
@n8n/rest-api-client:build: [33m[EMPTY_IMPORT_META] Warning:[0m `import.meta` may not be a valid syntax with the `cjs` output format.
@n8n/rest-api-client:build:      [38;5;246m╭[0m[38;5;246m─[0m[38;5;246m[[0m src/utils.ts:119:3 [38;5;246m][0m
@n8n/rest-api-client:build:      [38;5;246m│[0m
@n8n/rest-api-client:build:  [38;5;246m119 │[0m [38;5;249m [0m[38;5;249m [0m[38;5;249m [0m[38;5;249m [0m[38;5;249m [0m[38;5;249m [0m[38;5;249m [0mimport.meta[38;5;249m.[0m[38;5;249me[0m[38;5;249mn[0m[38;5;249mv[0m[38;5;249m.[0m[38;5;249mN[0m[38;5;249mO[0m[38;5;249mD[0m[38;5;249mE[0m[38;5;249m_[0m[38;5;249mE[0m[38;5;249mN[0m[38;5;249mV[0m[38;5;249m [0m[38;5;249m![0m[38;5;249m=[0m[38;5;249m=[0m[38;5;249m [0m[38;5;249m'[0m[38;5;249mp[0m[38;5;249mr[0m[38;5;249mo[0m[38;5;249md[0m[38;5;249mu[0m[38;5;249mc[0m[38;5;249mt[0m[38;5;249mi[0m[38;5;249mo[0m[38;5;249mn[0m[38;5;249m'[0m[38;5;249m [0m[38;5;249m&[0m[38;5;249m&[0m
@n8n/rest-api-client:build:  [38;5;240m    │[0m        ─────┬─────  
@n8n/rest-api-client:build:  [38;5;240m    │[0m             ╰─────── This `import.meta` will be replaced with an empty object (`{}`) automatically. If this is desired, you can suppress this warning by adding `transform.define: { 'import.meta': {} }`. If `import.meta` needs to be kept as-is, you need to set the output format to `esm`.
@n8n/rest-api-client:build: [38;5;246m─────╯[0m
@n8n/rest-api-client:build: 
@n8n/composables:build: ℹ [CJS] dist\useToast.cjs                           6.12 kB │ gzip: 2.10 kB
@n8n/composables:build: ℹ [CJS] dist\useDebounce.cjs                        2.38 kB │ gzip: 1.05 kB
@n8n/composables:build: ℹ [CJS] dist\useClipboard.cjs                       2.07 kB │ gzip: 0.88 kB
@n8n/composables:build: ℹ [CJS] dist\useDeviceSupport.cjs                   1.82 kB │ gzip: 0.73 kB
@n8n/composables:build: ℹ [CJS] dist\useDocumentTitle.cjs                   1.29 kB │ gzip: 0.62 kB
@n8n/composables:build: ℹ [CJS] dist\structuralComputed.cjs                 1.28 kB │ gzip: 0.67 kB
@n8n/composables:build: ℹ [CJS] dist\useStyles.cjs                          0.71 kB │ gzip: 0.37 kB
@n8n/composables:build: ℹ [CJS] dist\useShortKeyPress.cjs                   0.70 kB │ gzip: 0.35 kB
@n8n/composables:build: ℹ [CJS] dist\useThrottleWithReactiveDelay.cjs       0.67 kB │ gzip: 0.35 kB
@n8n/composables:build: ℹ [CJS] dist\useStorage.cjs                         0.40 kB │ gzip: 0.26 kB
@n8n/composables:build: ℹ [CJS] dist\registries/telemetryRegistry.cjs       0.28 kB │ gzip: 0.12 kB
@n8n/composables:build: ℹ [CJS] dist\useExternalHooks.cjs                   0.28 kB │ gzip: 0.11 kB
@n8n/composables:build: ℹ [CJS] dist\useTelemetry.cjs                       0.15 kB │ gzip: 0.10 kB
@n8n/composables:build: ℹ [CJS] dist\injectionKeys.cjs                      0.13 kB │ gzip: 0.10 kB
@n8n/composables:build: ℹ [CJS] dist\types/notification.cjs                 0.00 kB │ gzip: 0.02 kB
@n8n/composables:build: ℹ [CJS] dist\useToast.cjs.map                      12.55 kB │ gzip: 4.22 kB
@n8n/composables:build: ℹ [CJS] dist\useClipboard.cjs.map                   4.01 kB │ gzip: 1.61 kB
@n8n/composables:build: ℹ [CJS] dist\telemetryRegistry.cjs.map              3.48 kB │ gzip: 1.30 kB
@n8n/composables:build: ℹ [CJS] dist\useDebounce.cjs.map                    3.35 kB │ gzip: 1.33 kB
@n8n/composables:build: ℹ [CJS] dist\useTelemetry2.cjs.map                  3.19 kB │ gzip: 1.43 kB
@n8n/composables:build: ℹ [CJS] dist\useExternalHooks2.cjs.map              3.17 kB │ gzip: 1.33 kB
@n8n/composables:build: ℹ [CJS] dist\useDocumentTitle.cjs.map               2.91 kB │ gzip: 1.24 kB
@n8n/composables:build: ℹ [CJS] dist\useDeviceSupport.cjs.map               2.67 kB │ gzip: 1.08 kB
@n8n/composables:build: ℹ [CJS] dist\useExternalHooks2.cjs                  1.89 kB │ gzip: 0.80 kB
@n8n/composables:build: ℹ [CJS] dist\useTelemetry2.cjs                      1.79 kB │ gzip: 0.86 kB
@n8n/composables:build: ℹ [CJS] dist\structuralComputed.cjs.map             1.64 kB │ gzip: 0.83 kB
@n8n/composables:build: ℹ [CJS] dist\useShortKeyPress.cjs.map               1.35 kB │ gzip: 0.64 kB
@n8n/composables:build: ℹ [CJS] dist\telemetryRegistry.cjs                  1.23 kB │ gzip: 0.52 kB
@n8n/composables:build: ℹ [CJS] dist\useThrottleWithReactiveDelay.cjs.map   0.93 kB │ gzip: 0.49 kB
@n8n/composables:build: ℹ [CJS] dist\useStyles.cjs.map                      0.84 kB │ gzip: 0.49 kB
@n8n/composables:build: ℹ [CJS] dist\useStorage.cjs.map                     0.63 kB │ gzip: 0.40 kB
@n8n/composables:build: ℹ [CJS] dist\injectionKeys2.cjs.map                 0.62 kB │ gzip: 0.37 kB
@n8n/composables:build: ℹ [CJS] dist\injectionKeys2.cjs                     0.50 kB │ gzip: 0.33 kB
@n8n/composables:build: ℹ [CJS] 33 files, total: 65.03 kB
@n8n/composables:build: [33m[EMPTY_IMPORT_META] Warning:[0m `import.meta` may not be a valid syntax with the `cjs` output format.
@n8n/composables:build:     [38;5;246m╭[0m[38;5;246m─[0m[38;5;246m[[0m src/useTelemetry.ts:58:6 [38;5;246m][0m
@n8n/composables:build:     [38;5;246m│[0m
@n8n/composables:build:  [38;5;246m58 │[0m [38;5;249m [0m[38;5;249m [0m[38;5;249m [0m[38;5;249m [0m[38;5;249mi[0m[38;5;249mf[0m[38;5;249m [0m[38;5;249m([0mimport.meta[38;5;249m.[0m[38;5;249me[0m[38;5;249mn[0m[38;5;249mv[0m[38;5;249m.[0m[38;5;249mD[0m[38;5;249mE[0m[38;5;249mV[0m[38;5;249m [0m[38;5;249m&[0m[38;5;249m&[0m[38;5;249m [0m[38;5;249m![0m[38;5;249mw[0m[38;5;249ma[0m[38;5;249mr[0m[38;5;249mn[0m[38;5;249me[0m[38;5;249md[0m[38;5;249mA[0m[38;5;249mb[0m[38;5;249mo[0m[38;5;249mu[0m[38;5;249mt[0m[38;5;249mM[0m[38;5;249mi[0m[38;5;249ms[0m[38;5;249ms[0m[38;5;249mi[0m[38;5;249mn[0m[38;5;249mg[0m[38;5;249mT[0m[38;5;249me[0m[38;5;249ml[0m[38;5;249me[0m[38;5;249mm[0m[38;5;249me[0m[38;5;249mt[0m[38;5;249mr[0m[38;5;249my[0m[38;5;249m)[0m[38;5;249m [0m[38;5;249m{[0m
@n8n/composables:build:  [38;5;240m   │[0m         ─────┬─────  
@n8n/composables:build:  [38;5;240m   │[0m              ╰─────── This `import.meta` will be replaced with an empty object (`{}`) automatically. If this is desired, you can suppress this warning by adding `transform.define: { 'import.meta': {} }`. If `import.meta` needs to be kept as-is, you need to set the output format to `esm`.
@n8n/composables:build: [38;5;246m────╯[0m
@n8n/composables:build: 
@n8n/composables:build: [33m[EMPTY_IMPORT_META] Warning:[0m `import.meta` may not be a valid syntax with the `cjs` output format.
@n8n/composables:build:     [38;5;246m╭[0m[38;5;246m─[0m[38;5;246m[[0m src/useToast.ts:64:6 [38;5;246m][0m
@n8n/composables:build:     [38;5;246m│[0m
@n8n/composables:build:  [38;5;246m64 │[0m [38;5;249m [0m[38;5;249m [0m[38;5;249m [0m[38;5;249m [0m[38;5;249mi[0m[38;5;249mf[0m[38;5;249m [0m[38;5;249m([0mimport.meta[38;5;249m.[0m[38;5;249me[0m[38;5;249mn[0m[38;5;249mv[0m[38;5;249m.[0m[38;5;249mD[0m[38;5;249mE[0m[38;5;249mV[0m[38;5;249m [0m[38;5;249m&[0m[38;5;249m&[0m[38;5;249m [0m[38;5;249m![0m[38;5;249mw[0m[38;5;249ma[0m[38;5;249mr[0m[38;5;249mn[0m[38;5;249me[0m[38;5;249md[0m[38;5;249mA[0m[38;5;249mb[0m[38;5;249mo[0m[38;5;249mu[0m[38;5;249mt[0m[38;5;249mM[0m[38;5;249mi[0m[38;5;249ms[0m[38;5;249ms[0m[38;5;249mi[0m[38;5;249mn[0m[38;5;249mg[0m[38;5;249mN[0m[38;5;249mo[0m[38;5;249mt[0m[38;5;249mi[0m[38;5;249mf[0m[38;5;249my[0m[38;5;249m)[0m[38;5;249m [0m[38;5;249m{[0m
@n8n/composables:build:  [38;5;240m   │[0m         ─────┬─────  
@n8n/composables:build:  [38;5;240m   │[0m              ╰─────── This `import.meta` will be replaced with an empty object (`{}`) automatically. If this is desired, you can suppress this warning by adding `transform.define: { 'import.meta': {} }`. If `import.meta` needs to be kept as-is, you need to set the output format to `esm`.
@n8n/composables:build: [38;5;246m────╯[0m
@n8n/composables:build: 
@n8n/composables:build: ℹ [ESM] dist\useToast.mjs                           5.72 kB │ gzip: 2.04 kB
@n8n/composables:build: ℹ [ESM] dist\useClipboard.mjs                       1.96 kB │ gzip: 0.85 kB
@n8n/composables:build: ℹ [ESM] dist\useDeviceSupport.mjs                   1.68 kB │ gzip: 0.69 kB
@n8n/composables:build: ℹ [ESM] dist\useDebounce.mjs                        1.27 kB │ gzip: 0.60 kB
@n8n/composables:build: ℹ [ESM] dist\useDocumentTitle.mjs                   1.21 kB │ gzip: 0.58 kB
@n8n/composables:build: ℹ [ESM] dist\structuralComputed.mjs                 1.20 kB │ gzip: 0.63 kB
@n8n/composables:build: ℹ [ESM] dist\useShortKeyPress.mjs                   0.57 kB │ gzip: 0.32 kB
@n8n/composables:build: ℹ [ESM] dist\useThrottleWithReactiveDelay.mjs       0.56 kB │ gzip: 0.31 kB
@n8n/composables:build: ℹ [ESM] dist\useStyles.mjs                          0.50 kB │ gzip: 0.33 kB
@n8n/composables:build: ℹ [ESM] dist\useStorage.mjs                         0.33 kB │ gzip: 0.23 kB
@n8n/composables:build: ℹ [ESM] dist\useExternalHooks.mjs                   0.18 kB │ gzip: 0.10 kB
@n8n/composables:build: ℹ [ESM] dist\registries/telemetryRegistry.mjs       0.17 kB │ gzip: 0.12 kB
@n8n/composables:build: ℹ [ESM] dist\useTelemetry.mjs                       0.12 kB │ gzip: 0.09 kB
@n8n/composables:build: ℹ [ESM] dist\injectionKeys.mjs                      0.09 kB │ gzip: 0.09 kB
@n8n/composables:build: ℹ [ESM] dist\types/notification.mjs                 0.01 kB │ gzip: 0.03 kB
@n8n/composables:build: ℹ [ESM] dist\useToast.mjs.map                      12.51 kB │ gzip: 4.19 kB
@n8n/composables:build: ℹ [ESM] dist\useClipboard.mjs.map                   4.04 kB │ gzip: 1.61 kB
@n8n/composables:build: ℹ [ESM] dist\telemetryRegistry.mjs.map              3.48 kB │ gzip: 1.30 kB
@n8n/composables:build: ℹ [ESM] dist\useDebounce.mjs.map                    3.33 kB │ gzip: 1.34 kB
@n8n/composables:build: ℹ [ESM] dist\useExternalHooks2.mjs.map              3.18 kB │ gzip: 1.33 kB
@n8n/composables:build: ℹ [ESM] dist\useTelemetry2.mjs.map                  3.16 kB │ gzip: 1.43 kB
@n8n/composables:build: ℹ [ESM] dist\useDocumentTitle.mjs.map               2.92 kB │ gzip: 1.24 kB
@n8n/composables:build: ℹ [ESM] dist\useDeviceSupport.mjs.map               2.71 kB │ gzip: 1.07 kB
@n8n/composables:build: ℹ [ESM] dist\structuralComputed.mjs.map             1.64 kB │ gzip: 0.83 kB
@n8n/composables:build: ℹ [ESM] dist\useTelemetry2.mjs                      1.63 kB │ gzip: 0.80 kB
@n8n/composables:build: ℹ [ESM] dist\useExternalHooks2.mjs                  1.52 kB │ gzip: 0.71 kB
@n8n/composables:build: ℹ [ESM] dist\useShortKeyPress.mjs.map               1.35 kB │ gzip: 0.64 kB
@n8n/composables:build: ℹ [ESM] dist\useThrottleWithReactiveDelay.mjs.map   0.94 kB │ gzip: 0.48 kB
@n8n/composables:build: ℹ [ESM] dist\telemetryRegistry.mjs                  0.92 kB │ gzip: 0.46 kB
@n8n/composables:build: ℹ [ESM] dist\useStyles.mjs.map                      0.82 kB │ gzip: 0.48 kB
@n8n/composables:build: ℹ [ESM] dist\useStorage.mjs.map                     0.66 kB │ gzip: 0.40 kB
@n8n/composables:build: ℹ [ESM] dist\injectionKeys2.mjs.map                 0.62 kB │ gzip: 0.37 kB
@n8n/composables:build: ℹ [ESM] dist\injectionKeys2.mjs                     0.40 kB │ gzip: 0.28 kB
@n8n/composables:build: ℹ [ESM] dist\useToast.d.mts                         1.09 kB │ gzip: 0.49 kB
@n8n/composables:build: ℹ [ESM] dist\useStyles.d.mts                        1.05 kB │ gzip: 0.46 kB
@n8n/composables:build: ℹ [ESM] dist\useDebounce.d.mts                      0.71 kB │ gzip: 0.34 kB
@n8n/composables:build: ℹ [ESM] dist\useDocumentTitle.d.mts                 0.69 kB │ gzip: 0.36 kB
@n8n/composables:build: ℹ [ESM] dist\useClipboard.d.mts                     0.58 kB │ gzip: 0.32 kB
@n8n/composables:build: ℹ [ESM] dist\useExternalHooks.d.mts                 0.49 kB │ gzip: 0.26 kB
@n8n/composables:build: ℹ [ESM] dist\useDeviceSupport.d.mts                 0.47 kB │ gzip: 0.29 kB
@n8n/composables:build: ℹ [ESM] dist\useShortKeyPress.d.mts                 0.41 kB │ gzip: 0.25 kB
@n8n/composables:build: ℹ [ESM] dist\useTelemetry.d.mts                     0.36 kB │ gzip: 0.21 kB
@n8n/composables:build: ℹ [ESM] dist\registries/telemetryRegistry.d.mts     0.32 kB │ gzip: 0.16 kB
@n8n/composables:build: ℹ [ESM] dist\useThrottleWithReactiveDelay.d.mts     0.30 kB │ gzip: 0.19 kB
@n8n/composables:build: ℹ [ESM] dist\structuralComputed.d.mts               0.28 kB │ gzip: 0.19 kB
@n8n/composables:build: ℹ [ESM] dist\injectionKeys.d.mts                    0.23 kB │ gzip: 0.17 kB
@n8n/composables:build: ℹ [ESM] dist\useStorage.d.mts                       0.20 kB │ gzip: 0.16 kB
@n8n/composables:build: ℹ [ESM] dist\types/notification.d.mts               0.18 kB │ gzip: 0.11 kB
@n8n/composables:build: ℹ [ESM] dist\telemetryRegistry.d.mts                1.79 kB │ gzip: 0.65 kB
@n8n/composables:build: ℹ [ESM] dist\notification.d.mts                     0.78 kB │ gzip: 0.40 kB
@n8n/composables:build: ℹ [ESM] 50 files, total: 71.33 kB
@n8n/composables:build: ℹ [CJS] dist\useToast.d.cts                      1.09 kB │ gzip: 0.49 kB
@n8n/composables:build: ℹ [CJS] dist\useStyles.d.cts                     1.05 kB │ gzip: 0.46 kB
@n8n/composables:build: ℹ [CJS] dist\useDebounce.d.cts                   0.71 kB │ gzip: 0.34 kB
@n8n/composables:build: ℹ [CJS] dist\useDocumentTitle.d.cts              0.69 kB │ gzip: 0.36 kB
@n8n/composables:build: ℹ [CJS] dist\useClipboard.d.cts                  0.58 kB │ gzip: 0.32 kB
@n8n/composables:build: ℹ [CJS] dist\useExternalHooks.d.cts              0.49 kB │ gzip: 0.26 kB
@n8n/composables:build: ℹ [CJS] dist\useDeviceSupport.d.cts              0.47 kB │ gzip: 0.29 kB
@n8n/composables:build: ℹ [CJS] dist\useShortKeyPress.d.cts              0.41 kB │ gzip: 0.25 kB
@n8n/composables:build: ℹ [CJS] dist\useTelemetry.d.cts                  0.36 kB │ gzip: 0.21 kB
@n8n/composables:build: ℹ [CJS] dist\registries/telemetryRegistry.d.cts  0.32 kB │ gzip: 0.16 kB
@n8n/composables:build: ℹ [CJS] dist\useThrottleWithReactiveDelay.d.cts  0.30 kB │ gzip: 0.19 kB
@n8n/composables:build: ℹ [CJS] dist\structuralComputed.d.cts            0.28 kB │ gzip: 0.19 kB
@n8n/composables:build: ℹ [CJS] dist\injectionKeys.d.cts                 0.23 kB │ gzip: 0.17 kB
@n8n/composables:build: ℹ [CJS] dist\useStorage.d.cts                    0.20 kB │ gzip: 0.16 kB
@n8n/composables:build: ℹ [CJS] dist\types/notification.d.cts            0.18 kB │ gzip: 0.11 kB
@n8n/composables:build: ℹ [CJS] dist\telemetryRegistry.d.cts             1.79 kB │ gzip: 0.65 kB
@n8n/composables:build: ℹ [CJS] dist\notification.d.cts                  0.78 kB │ gzip: 0.40 kB
@n8n/composables:build: ℹ [CJS] 17 files, total: 9.94 kB
@n8n/composables:build: ✔ Build complete in 3643ms
@n8n/rest-api-client:build: ℹ [ESM] dist\index.mjs                            9.24 kB │ gzip: 2.25 kB
@n8n/rest-api-client:build: ℹ [ESM] dist\api/index.mjs                        8.85 kB │ gzip: 2.09 kB
@n8n/rest-api-client:build: ℹ [ESM] dist\api/secretsProvider.ee.mjs           1.20 kB │ gzip: 0.26 kB
@n8n/rest-api-client:build: ℹ [ESM] dist\api/breaking-changes.mjs             0.91 kB │ gzip: 0.36 kB
@n8n/rest-api-client:build: ℹ [ESM] dist\api/users.mjs                        0.87 kB │ gzip: 0.33 kB
@n8n/rest-api-client:build: ℹ [ESM] dist\api/nodeTypes.mjs                    0.73 kB │ gzip: 0.27 kB
@n8n/rest-api-client:build: ℹ [ESM] dist\api/externalSecrets.ee.mjs           0.70 kB │ gzip: 0.23 kB
@n8n/rest-api-client:build: ℹ [ESM] dist\api/credentialResolvers.mjs          0.48 kB │ gzip: 0.17 kB
@n8n/rest-api-client:build: ℹ [ESM] dist\utils.mjs                            0.46 kB │ gzip: 0.25 kB
@n8n/rest-api-client:build: ℹ [ESM] dist\api/consent.mjs                      0.46 kB │ gzip: 0.26 kB
@n8n/rest-api-client:build: ℹ [ESM] dist\api/sso.mjs                          0.45 kB │ gzip: 0.20 kB
@n8n/rest-api-client:build: ℹ [ESM] dist\api/templates.mjs                    0.40 kB │ gzip: 0.20 kB
@n8n/rest-api-client:build: ℹ [ESM] dist\api/eventbus.ee.mjs                  0.40 kB │ gzip: 0.19 kB
@n8n/rest-api-client:build: ℹ [ESM] dist\api/cloudPlans.mjs                   0.37 kB │ gzip: 0.20 kB
@n8n/rest-api-client:build: ℹ [ESM] dist\api/roles.mjs                        0.35 kB │ gzip: 0.18 kB
@n8n/rest-api-client:build: ℹ [ESM] dist\api/workflowHistory.mjs              0.33 kB │ gzip: 0.16 kB
@n8n/rest-api-client:build: ℹ [ESM] dist\api/communityNodes.mjs               0.33 kB │ gzip: 0.17 kB
@n8n/rest-api-client:build: ℹ [ESM] dist\api/roleMappingRule.mjs              0.33 kB │ gzip: 0.15 kB
@n8n/rest-api-client:build: ℹ [ESM] dist\api/usage.mjs                        0.28 kB │ gzip: 0.16 kB
@n8n/rest-api-client:build: ℹ [ESM] dist\api/ldap.mjs                         0.27 kB │ gzip: 0.16 kB
@n8n/rest-api-client:build: ℹ [ESM] dist\api/api-keys.mjs                     0.27 kB │ gzip: 0.15 kB
@n8n/rest-api-client:build: ℹ [ESM] dist\api/dynamic-banners.mjs              0.27 kB │ gzip: 0.19 kB
@n8n/rest-api-client:build: ℹ [ESM] dist\api/mfa.mjs                          0.25 kB │ gzip: 0.16 kB
@n8n/rest-api-client:build: ℹ [ESM] dist\api/security-settings.mjs            0.18 kB │ gzip: 0.12 kB
@n8n/rest-api-client:build: ℹ [ESM] dist\api/provisioning.mjs                 0.18 kB │ gzip: 0.11 kB
@n8n/rest-api-client:build: ℹ [ESM] dist\api/versions.mjs                     0.15 kB │ gzip: 0.12 kB
@n8n/rest-api-client:build: ℹ [ESM] dist\api/instance-version-history.mjs     0.13 kB │ gzip: 0.12 kB
@n8n/rest-api-client:build: ℹ [ESM] dist\api/third-party-licenses.mjs         0.13 kB │ gzip: 0.10 kB
@n8n/rest-api-client:build: ℹ [ESM] dist\api/orchestration.mjs                0.12 kB │ gzip: 0.10 kB
@n8n/rest-api-client:build: ℹ [ESM] dist\api/ai-usage.mjs                     0.12 kB │ gzip: 0.10 kB
@n8n/rest-api-client:build: ℹ [ESM] dist\api/ui.mjs                           0.12 kB │ gzip: 0.10 kB
@n8n/rest-api-client:build: ℹ [ESM] dist\api/module-settings.mjs              0.12 kB │ gzip: 0.10 kB
@n8n/rest-api-client:build: ℹ [ESM] dist\api/npsSurvey.mjs                    0.12 kB │ gzip: 0.10 kB
@n8n/rest-api-client:build: ℹ [ESM] dist\api/instance-registry.mjs            0.12 kB │ gzip: 0.10 kB
@n8n/rest-api-client:build: ℹ [ESM] dist\api/ctas.mjs                         0.11 kB │ gzip: 0.10 kB
@n8n/rest-api-client:build: ℹ [ESM] dist\api/events.mjs                       0.10 kB │ gzip: 0.09 kB
@n8n/rest-api-client:build: ℹ [ESM] dist\api/settings.mjs                     0.10 kB │ gzip: 0.09 kB
@n8n/rest-api-client:build: ℹ [ESM] dist\api/webhooks.mjs                     0.10 kB │ gzip: 0.09 kB
@n8n/rest-api-client:build: ℹ [ESM] dist\api/execution.mjs                    0.01 kB │ gzip: 0.03 kB
@n8n/rest-api-client:build: ℹ [ESM] dist\api/tags.mjs                         0.01 kB │ gzip: 0.03 kB
@n8n/rest-api-client:build: ℹ [ESM] dist\api/workflows.mjs                    0.01 kB │ gzip: 0.03 kB
@n8n/rest-api-client:build: ℹ [ESM] dist\types.mjs                            0.01 kB │ gzip: 0.03 kB
@n8n/rest-api-client:build: ℹ [ESM] dist\utils2.mjs.map                      14.92 kB │ gzip: 4.66 kB
@n8n/rest-api-client:build: ℹ [ESM] dist\users.mjs.map                        8.98 kB │ gzip: 1.83 kB
@n8n/rest-api-client:build: ℹ [ESM] dist\templates.mjs.map                    7.95 kB │ gzip: 2.01 kB
@n8n/rest-api-client:build: ℹ [ESM] dist\secretsProvider.ee.mjs.map           6.88 kB │ gzip: 1.07 kB
@n8n/rest-api-client:build: ℹ [ESM] dist\utils2.mjs                           6.78 kB │ gzip: 2.42 kB
@n8n/rest-api-client:build: ℹ [ESM] dist\nodeTypes.mjs.map                    5.97 kB │ gzip: 1.62 kB
@n8n/rest-api-client:build: ℹ [ESM] dist\cloudPlans.mjs.map                   4.58 kB │ gzip: 1.54 kB
@n8n/rest-api-client:build: ℹ [ESM] dist\externalSecrets.ee.mjs.map           4.40 kB │ gzip: 1.02 kB
@n8n/rest-api-client:build: ℹ [ESM] dist\workflowHistory.mjs.map              4.00 kB │ gzip: 1.04 kB
@n8n/rest-api-client:build: ℹ [ESM] dist\sso.mjs.map                          3.90 kB │ gzip: 1.02 kB
@n8n/rest-api-client:build: ℹ [ESM] dist\roleMappingRule.mjs.map              3.70 kB │ gzip: 1.17 kB
@n8n/rest-api-client:build: ℹ [ESM] dist\secretsProvider.ee.mjs               3.57 kB │ gzip: 0.56 kB
@n8n/rest-api-client:build: ℹ [ESM] dist\nodeTypes.mjs                        3.15 kB │ gzip: 0.95 kB
@n8n/rest-api-client:build: ℹ [ESM] dist\roles.mjs.map                        3.10 kB │ gzip: 0.87 kB
@n8n/rest-api-client:build: ℹ [ESM] dist\users.mjs                            3.07 kB │ gzip: 0.71 kB
@n8n/rest-api-client:build: ℹ [ESM] dist\credentialResolvers.mjs.map          2.98 kB │ gzip: 0.79 kB
@n8n/rest-api-client:build: ℹ [ESM] dist\ldap.mjs.map                         2.77 kB │ gzip: 0.89 kB
@n8n/rest-api-client:build: ℹ [ESM] dist\api-keys.mjs.map                     2.71 kB │ gzip: 0.87 kB
@n8n/rest-api-client:build: ℹ [ESM] dist\externalSecrets.ee.mjs               2.43 kB │ gzip: 0.56 kB
@n8n/rest-api-client:build: ℹ [ESM] dist\eventbus.ee.mjs.map                  2.41 kB │ gzip: 0.79 kB
@n8n/rest-api-client:build: ℹ [ESM] dist\communityNodes.mjs.map               2.13 kB │ gzip: 0.80 kB
@n8n/rest-api-client:build: ℹ [ESM] dist\versions.mjs.map                     2.13 kB │ gzip: 0.76 kB
@n8n/rest-api-client:build: ℹ [ESM] dist\api/breaking-changes.mjs.map         2.06 kB │ gzip: 0.70 kB
@n8n/rest-api-client:build: ℹ [ESM] dist\mfa.mjs.map                          1.93 kB │ gzip: 0.61 kB
@n8n/rest-api-client:build: ℹ [ESM] dist\usage.mjs.map                        1.85 kB │ gzip: 0.64 kB
@n8n/rest-api-client:build: ℹ [ESM] dist\templates.mjs                        1.85 kB │ gzip: 0.58 kB
@n8n/rest-api-client:build: ℹ [ESM] dist\api/consent.mjs.map                  1.82 kB │ gzip: 0.80 kB
@n8n/rest-api-client:build: ℹ [ESM] dist\sso.mjs                              1.75 kB │ gzip: 0.42 kB
@n8n/rest-api-client:build: ℹ [ESM] dist\credentialResolvers.mjs              1.53 kB │ gzip: 0.40 kB
@n8n/rest-api-client:build: ℹ [ESM] dist\roles.mjs                            1.48 kB │ gzip: 0.46 kB
@n8n/rest-api-client:build: ℹ [ESM] dist\provisioning.mjs.map                 1.48 kB │ gzip: 0.63 kB
@n8n/rest-api-client:build: ℹ [ESM] dist\roleMappingRule.mjs                  1.32 kB │ gzip: 0.51 kB
@n8n/rest-api-client:build: ℹ [ESM] dist\workflowHistory.mjs                  1.29 kB │ gzip: 0.39 kB
@n8n/rest-api-client:build: ℹ [ESM] dist\eventbus.ee.mjs                      1.20 kB │ gzip: 0.42 kB
@n8n/rest-api-client:build: ℹ [ESM] dist\communityNodes.mjs                   1.17 kB │ gzip: 0.50 kB
@n8n/rest-api-client:build: ℹ [ESM] dist\api-keys.mjs                         1.11 kB │ gzip: 0.40 kB
@n8n/rest-api-client:build: ℹ [ESM] dist\cloudPlans.mjs                       1.10 kB │ gzip: 0.39 kB
@n8n/rest-api-client:build: ℹ [ESM] dist\api/dynamic-banners.mjs.map          0.98 kB │ gzip: 0.51 kB
@n8n/rest-api-client:build: ℹ [ESM] dist\mfa.mjs                              0.95 kB │ gzip: 0.33 kB
@n8n/rest-api-client:build: ℹ [ESM] dist\usage.mjs                            0.92 kB │ gzip: 0.34 kB
@n8n/rest-api-client:build: ℹ [ESM] dist\security-settings.mjs.map            0.91 kB │ gzip: 0.40 kB
@n8n/rest-api-client:build: ℹ [ESM] dist\ldap.mjs                             0.88 kB │ gzip: 0.33 kB
@n8n/rest-api-client:build: ℹ [ESM] dist\webhooks.mjs.map                     0.74 kB │ gzip: 0.41 kB
@n8n/rest-api-client:build: ℹ [ESM] dist\ui.mjs.map                           0.67 kB │ gzip: 0.40 kB
@n8n/rest-api-client:build: ℹ [ESM] dist\instance-version-history.mjs.map     0.65 kB │ gzip: 0.40 kB
@n8n/rest-api-client:build: ℹ [ESM] dist\versions.mjs                         0.62 kB │ gzip: 0.30 kB
@n8n/rest-api-client:build: ℹ [ESM] dist\ai-usage.mjs.map                     0.60 kB │ gzip: 0.35 kB
@n8n/rest-api-client:build: ℹ [ESM] dist\third-party-licenses.mjs.map         0.56 kB │ gzip: 0.35 kB
@n8n/rest-api-client:build: ℹ [ESM] dist\instance-registry.mjs.map            0.56 kB │ gzip: 0.33 kB
@n8n/rest-api-client:build: ℹ [ESM] dist\module-settings.mjs.map              0.56 kB │ gzip: 0.32 kB
@n8n/rest-api-client:build: ℹ [ESM] dist\orchestration.mjs.map                0.55 kB │ gzip: 0.35 kB
@n8n/rest-api-client:build: ℹ [ESM] dist\npsSurvey.mjs.map                    0.55 kB │ gzip: 0.33 kB
@n8n/rest-api-client:build: ℹ [ESM] dist\settings.mjs.map                     0.51 kB │ gzip: 0.31 kB
@n8n/rest-api-client:build: ℹ [ESM] dist\provisioning.mjs                     0.50 kB │ gzip: 0.25 kB
@n8n/rest-api-client:build: ℹ [ESM] dist\security-settings.mjs                0.48 kB │ gzip: 0.24 kB
@n8n/rest-api-client:build: ℹ [ESM] dist\ctas.mjs.map                         0.46 kB │ gzip: 0.31 kB
@n8n/rest-api-client:build: ℹ [ESM] dist\events.mjs.map                       0.45 kB │ gzip: 0.30 kB
@n8n/rest-api-client:build: ℹ [ESM] dist\instance-version-history.mjs         0.37 kB │ gzip: 0.24 kB
@n8n/rest-api-client:build: ℹ [ESM] dist\orchestration.mjs                    0.36 kB │ gzip: 0.24 kB
@n8n/rest-api-client:build: ℹ [ESM] dist\third-party-licenses.mjs             0.35 kB │ gzip: 0.24 kB
@n8n/rest-api-client:build: ℹ [ESM] dist\ui.mjs                               0.33 kB │ gzip: 0.23 kB
@n8n/rest-api-client:build: ℹ [ESM] dist\npsSurvey.mjs                        0.32 kB │ gzip: 0.22 kB
@n8n/rest-api-client:build: ℹ [ESM] dist\ai-usage.mjs                         0.31 kB │ gzip: 0.22 kB
@n8n/rest-api-client:build: ℹ [ESM] dist\instance-registry.mjs                0.31 kB │ gzip: 0.21 kB
@n8n/rest-api-client:build: ℹ [ESM] dist\module-settings.mjs                  0.30 kB │ gzip: 0.20 kB
@n8n/rest-api-client:build: ℹ [ESM] dist\webhooks.mjs                         0.29 kB │ gzip: 0.21 kB
@n8n/rest-api-client:build: ℹ [ESM] dist\events.mjs                           0.29 kB │ gzip: 0.21 kB
@n8n/rest-api-client:build: ℹ [ESM] dist\settings.mjs                         0.27 kB │ gzip: 0.20 kB
@n8n/rest-api-client:build: ℹ [ESM] dist\ctas.mjs                             0.26 kB │ gzip: 0.20 kB
@n8n/rest-api-client:build: ℹ [ESM] dist\api.mjs                              0.01 kB │ gzip: 0.03 kB
@n8n/rest-api-client:build: ℹ [ESM] dist\index.d.mts                         12.39 kB │ gzip: 2.89 kB
@n8n/rest-api-client:build: ℹ [ESM] dist\api/index.d.mts                     11.84 kB │ gzip: 2.71 kB
@n8n/rest-api-client:build: ℹ [ESM] dist\api/templates.d.mts                  1.37 kB │ gzip: 0.38 kB
@n8n/rest-api-client:build: ℹ [ESM] dist\api/users.d.mts                      1.37 kB │ gzip: 0.44 kB
@n8n/rest-api-client:build: ℹ [ESM] dist\api/secretsProvider.ee.d.mts         1.20 kB │ gzip: 0.26 kB
@n8n/rest-api-client:build: ℹ [ESM] dist\api/breaking-changes.d.mts           0.96 kB │ gzip: 0.35 kB
@n8n/rest-api-client:build: ℹ [ESM] dist\api/consent.d.mts                    0.83 kB │ gzip: 0.39 kB
@n8n/rest-api-client:build: ℹ [ESM] dist\api/workflowHistory.d.mts            0.79 kB │ gzip: 0.26 kB
@n8n/rest-api-client:build: ℹ [ESM] dist\api/nodeTypes.d.mts                  0.73 kB │ gzip: 0.26 kB
@n8n/rest-api-client:build: ℹ [ESM] dist\api/dynamic-banners.d.mts            0.73 kB │ gzip: 0.39 kB
@n8n/rest-api-client:build: ℹ [ESM] dist\api/externalSecrets.ee.d.mts         0.70 kB │ gzip: 0.23 kB
@n8n/rest-api-client:build: ℹ [ESM] dist\api/sso.d.mts                        0.56 kB │ gzip: 0.24 kB
@n8n/rest-api-client:build: ℹ [ESM] dist\api/roleMappingRule.d.mts            0.55 kB │ gzip: 0.19 kB
@n8n/rest-api-client:build: ℹ [ESM] dist\utils.d.mts                          0.53 kB │ gzip: 0.26 kB
@n8n/rest-api-client:build: ℹ [ESM] dist\api/credentialResolvers.d.mts        0.48 kB │ gzip: 0.17 kB
@n8n/rest-api-client:build: ℹ [ESM] dist\api/eventbus.ee.d.mts                0.48 kB │ gzip: 0.21 kB
@n8n/rest-api-client:build: ℹ [ESM] dist\api/cloudPlans.d.mts                 0.47 kB │ gzip: 0.23 kB
@n8n/rest-api-client:build: ℹ [ESM] dist\api/ldap.d.mts                       0.37 kB │ gzip: 0.18 kB
@n8n/rest-api-client:build: ℹ [ESM] dist\api/roles.d.mts                      0.34 kB │ gzip: 0.17 kB
@n8n/rest-api-client:build: ℹ [ESM] dist\api/communityNodes.d.mts             0.33 kB │ gzip: 0.17 kB
@n8n/rest-api-client:build: ℹ [ESM] dist\api/mfa.d.mts                        0.29 kB │ gzip: 0.17 kB
@n8n/rest-api-client:build: ℹ [ESM] dist\api/provisioning.d.mts               0.28 kB │ gzip: 0.13 kB
@n8n/rest-api-client:build: ℹ [ESM] dist\api/usage.d.mts                      0.28 kB │ gzip: 0.16 kB
@n8n/rest-api-client:build: ℹ [ESM] dist\api/api-keys.d.mts                   0.27 kB │ gzip: 0.15 kB
@n8n/rest-api-client:build: ℹ [ESM] dist\api/versions.d.mts                   0.26 kB │ gzip: 0.14 kB
@n8n/rest-api-client:build: ℹ [ESM] dist\api/workflows.d.mts                  0.23 kB │ gzip: 0.13 kB
@n8n/rest-api-client:build: ℹ [ESM] dist\api/security-settings.d.mts          0.18 kB │ gzip: 0.12 kB
@n8n/rest-api-client:build: ℹ [ESM] dist\api/instance-version-history.d.mts   0.13 kB │ gzip: 0.12 kB
@n8n/rest-api-client:build: ℹ [ESM] dist\api/third-party-licenses.d.mts       0.13 kB │ gzip: 0.10 kB
@n8n/rest-api-client:build: ℹ [ESM] dist\types.d.mts                          0.12 kB │ gzip: 0.10 kB
@n8n/rest-api-client:build: ℹ [ESM] dist\api/orchestration.d.mts              0.12 kB │ gzip: 0.10 kB
@n8n/rest-api-client:build: ℹ [ESM] dist\api/ai-usage.d.mts                   0.12 kB │ gzip: 0.10 kB
@n8n/rest-api-client:build: ℹ [ESM] dist\api/ui.d.mts                         0.12 kB │ gzip: 0.10 kB
@n8n/rest-api-client:build: ℹ [ESM] dist\api/module-settings.d.mts            0.12 kB │ gzip: 0.10 kB
@n8n/rest-api-client:build: ℹ [ESM] dist\api/npsSurvey.d.mts                  0.12 kB │ gzip: 0.10 kB
@n8n/rest-api-client:build: ℹ [ESM] dist\api/instance-registry.d.mts          0.11 kB │ gzip: 0.10 kB
@n8n/rest-api-client:build: ℹ [ESM] dist\api/ctas.d.mts                       0.11 kB │ gzip: 0.10 kB
@n8n/rest-api-client:build: ℹ [ESM] dist\api/events.d.mts                     0.10 kB │ gzip: 0.09 kB
@n8n/rest-api-client:build: ℹ [ESM] dist\api/settings.d.mts                   0.10 kB │ gzip: 0.09 kB
@n8n/rest-api-client:build: ℹ [ESM] dist\api/webhooks.d.mts                   0.10 kB │ gzip: 0.09 kB
@n8n/rest-api-client:build: ℹ [ESM] dist\api/tags.d.mts                       0.06 kB │ gzip: 0.07 kB
@n8n/rest-api-client:build: ℹ [ESM] dist\api/execution.d.mts                  0.01 kB │ gzip: 0.03 kB
@n8n/rest-api-client:build: ℹ [ESM] dist\users.d.mts                          5.49 kB │ gzip: 1.25 kB
@n8n/rest-api-client:build: ℹ [ESM] dist\templates.d.mts                      5.28 kB │ gzip: 1.32 kB
@n8n/rest-api-client:build: ℹ [ESM] dist\secretsProvider.ee.d.mts             3.35 kB │ gzip: 0.57 kB
@n8n/rest-api-client:build: ℹ [ESM] dist\cloudPlans.d.mts                     2.92 kB │ gzip: 1.05 kB
@n8n/rest-api-client:build: ℹ [ESM] dist\workflowHistory.d.mts                2.57 kB │ gzip: 0.76 kB
@n8n/rest-api-client:build: ℹ [ESM] dist\utils2.d.mts                         2.40 kB │ gzip: 0.85 kB
@n8n/rest-api-client:build: ℹ [ESM] dist\nodeTypes.d.mts                      2.31 kB │ gzip: 0.62 kB
@n8n/rest-api-client:build: ℹ [ESM] dist\externalSecrets.ee.d.mts             1.96 kB │ gzip: 0.48 kB
@n8n/rest-api-client:build: ℹ [ESM] dist\ldap.d.mts                           1.75 kB │ gzip: 0.62 kB
@n8n/rest-api-client:build: ℹ [ESM] dist\sso.d.mts                            1.75 kB │ gzip: 0.52 kB
@n8n/rest-api-client:build: ℹ [ESM] dist\roleMappingRule.d.mts                1.61 kB │ gzip: 0.46 kB
@n8n/rest-api-client:build: ℹ [ESM] dist\credentialResolvers.d.mts            1.52 kB │ gzip: 0.43 kB
@n8n/rest-api-client:build: ℹ [ESM] dist\roles.d.mts                          1.33 kB │ gzip: 0.41 kB
@n8n/rest-api-client:build: ℹ [ESM] dist\workflows.d.mts                      1.33 kB │ gzip: 0.49 kB
@n8n/rest-api-client:build: ℹ [ESM] dist\versions.d.mts                       1.31 kB │ gzip: 0.51 kB
@n8n/rest-api-client:build: ℹ [ESM] dist\eventbus.ee.d.mts                    1.29 kB │ gzip: 0.42 kB
@n8n/rest-api-client:build: ℹ [ESM] dist\api-keys.d.mts                       1.20 kB │ gzip: 0.45 kB
@n8n/rest-api-client:build: ℹ [ESM] dist\mfa.d.mts                            0.94 kB │ gzip: 0.37 kB
@n8n/rest-api-client:build: ℹ [ESM] dist\communityNodes.d.mts                 0.91 kB │ gzip: 0.36 kB
@n8n/rest-api-client:build: ℹ [ESM] dist\usage.d.mts                          0.91 kB │ gzip: 0.36 kB
@n8n/rest-api-client:build: ℹ [ESM] dist\provisioning.d.mts                   0.88 kB │ gzip: 0.36 kB
@n8n/rest-api-client:build: ℹ [ESM] dist\security-settings.d.mts              0.53 kB │ gzip: 0.25 kB
@n8n/rest-api-client:build: ℹ [ESM] dist\webhooks.d.mts                       0.47 kB │ gzip: 0.28 kB
@n8n/rest-api-client:build: ℹ [ESM] dist\ui.d.mts                             0.36 kB │ gzip: 0.25 kB
@n8n/rest-api-client:build: ℹ [ESM] dist\instance-version-history.d.mts       0.36 kB │ gzip: 0.24 kB
@n8n/rest-api-client:build: ℹ [ESM] dist\ai-usage.d.mts                       0.35 kB │ gzip: 0.23 kB
@n8n/rest-api-client:build: ℹ [ESM] dist\module-settings.d.mts                0.34 kB │ gzip: 0.22 kB
@n8n/rest-api-client:build: ℹ [ESM] dist\instance-registry.d.mts              0.33 kB │ gzip: 0.22 kB
@n8n/rest-api-client:build: ℹ [ESM] dist\npsSurvey.d.mts                      0.33 kB │ gzip: 0.22 kB
@n8n/rest-api-client:build: ℹ [ESM] dist\settings.d.mts                       0.30 kB │ gzip: 0.21 kB
@n8n/rest-api-client:build: ℹ [ESM] dist\third-party-licenses.d.mts           0.28 kB │ gzip: 0.20 kB
@n8n/rest-api-client:build: ℹ [ESM] dist\orchestration.d.mts                  0.27 kB │ gzip: 0.20 kB
@n8n/rest-api-client:build: ℹ [ESM] dist\ctas.d.mts                           0.25 kB │ gzip: 0.19 kB
@n8n/rest-api-client:build: ℹ [ESM] dist\types2.d.mts                         0.25 kB │ gzip: 0.17 kB
@n8n/rest-api-client:build: ℹ [ESM] dist\events.d.mts                         0.24 kB │ gzip: 0.18 kB
@n8n/rest-api-client:build: ℹ [ESM] dist\tags.d.mts                           0.21 kB │ gzip: 0.16 kB
@n8n/rest-api-client:build: ℹ [ESM] dist\index2.d.mts                         0.01 kB │ gzip: 0.03 kB
@n8n/rest-api-client:build: ℹ [ESM] 191 files, total: 260.73 kB
@n8n/rest-api-client:build: ℹ [CJS] dist\index.d.cts                         12.39 kB │ gzip: 2.89 kB
@n8n/rest-api-client:build: ℹ [CJS] dist\api/index.d.cts                     11.84 kB │ gzip: 2.71 kB
@n8n/rest-api-client:build: ℹ [CJS] dist\api/templates.d.cts                  1.37 kB │ gzip: 0.38 kB
@n8n/rest-api-client:build: ℹ [CJS] dist\api/users.d.cts                      1.37 kB │ gzip: 0.44 kB
@n8n/rest-api-client:build: ℹ [CJS] dist\api/secretsProvider.ee.d.cts         1.20 kB │ gzip: 0.26 kB
@n8n/rest-api-client:build: ℹ [CJS] dist\api/breaking-changes.d.cts           0.96 kB │ gzip: 0.35 kB
@n8n/rest-api-client:build: ℹ [CJS] dist\api/consent.d.cts                    0.83 kB │ gzip: 0.38 kB
@n8n/rest-api-client:build: ℹ [CJS] dist\api/workflowHistory.d.cts            0.79 kB │ gzip: 0.26 kB
@n8n/rest-api-client:build: ℹ [CJS] dist\api/nodeTypes.d.cts                  0.73 kB │ gzip: 0.26 kB
@n8n/rest-api-client:build: ℹ [CJS] dist\api/dynamic-banners.d.cts            0.73 kB │ gzip: 0.39 kB
@n8n/rest-api-client:build: ℹ [CJS] dist\api/externalSecrets.ee.d.cts         0.70 kB │ gzip: 0.23 kB
@n8n/rest-api-client:build: ℹ [CJS] dist\api/sso.d.cts                        0.56 kB │ gzip: 0.24 kB
@n8n/rest-api-client:build: ℹ [CJS] dist\api/roleMappingRule.d.cts            0.55 kB │ gzip: 0.19 kB
@n8n/rest-api-client:build: ℹ [CJS] dist\utils.d.cts                          0.53 kB │ gzip: 0.27 kB
@n8n/rest-api-client:build: ℹ [CJS] dist\api/credentialResolvers.d.cts        0.48 kB │ gzip: 0.17 kB
@n8n/rest-api-client:build: ℹ [CJS] dist\api/eventbus.ee.d.cts                0.48 kB │ gzip: 0.21 kB
@n8n/rest-api-client:build: ℹ [CJS] dist\api/cloudPlans.d.cts                 0.47 kB │ gzip: 0.23 kB
@n8n/rest-api-client:build: ℹ [CJS] dist\api/ldap.d.cts                       0.37 kB │ gzip: 0.18 kB
@n8n/rest-api-client:build: ℹ [CJS] dist\api/roles.d.cts                      0.34 kB │ gzip: 0.17 kB
@n8n/rest-api-client:build: ℹ [CJS] dist\api/communityNodes.d.cts             0.33 kB │ gzip: 0.17 kB
@n8n/rest-api-client:build: ℹ [CJS] dist\api/mfa.d.cts                        0.29 kB │ gzip: 0.17 kB
@n8n/rest-api-client:build: ℹ [CJS] dist\api/provisioning.d.cts               0.28 kB │ gzip: 0.13 kB
@n8n/rest-api-client:build: ℹ [CJS] dist\api/usage.d.cts                      0.28 kB │ gzip: 0.16 kB
@n8n/rest-api-client:build: ℹ [CJS] dist\api/api-keys.d.cts                   0.27 kB │ gzip: 0.15 kB
@n8n/rest-api-client:build: ℹ [CJS] dist\api/versions.d.cts                   0.26 kB │ gzip: 0.14 kB
@n8n/rest-api-client:build: ℹ [CJS] dist\api/workflows.d.cts                  0.23 kB │ gzip: 0.13 kB
@n8n/rest-api-client:build: ℹ [CJS] dist\api/security-settings.d.cts          0.18 kB │ gzip: 0.12 kB
@n8n/rest-api-client:build: ℹ [CJS] dist\api/instance-version-history.d.cts   0.13 kB │ gzip: 0.12 kB
@n8n/rest-api-client:build: ℹ [CJS] dist\api/third-party-licenses.d.cts       0.13 kB │ gzip: 0.10 kB
@n8n/rest-api-client:build: ℹ [CJS] dist\types.d.cts                          0.12 kB │ gzip: 0.10 kB
@n8n/rest-api-client:build: ℹ [CJS] dist\api/orchestration.d.cts              0.12 kB │ gzip: 0.10 kB
@n8n/rest-api-client:build: ℹ [CJS] dist\api/ai-usage.d.cts                   0.12 kB │ gzip: 0.10 kB
@n8n/rest-api-client:build: ℹ [CJS] dist\api/ui.d.cts                         0.12 kB │ gzip: 0.10 kB
@n8n/rest-api-client:build: ℹ [CJS] dist\api/module-settings.d.cts            0.12 kB │ gzip: 0.10 kB
@n8n/rest-api-client:build: ℹ [CJS] dist\api/npsSurvey.d.cts                  0.12 kB │ gzip: 0.10 kB
@n8n/rest-api-client:build: ℹ [CJS] dist\api/instance-registry.d.cts          0.11 kB │ gzip: 0.10 kB
@n8n/rest-api-client:build: ℹ [CJS] dist\api/ctas.d.cts                       0.11 kB │ gzip: 0.10 kB
@n8n/rest-api-client:build: ℹ [CJS] dist\api/events.d.cts                     0.10 kB │ gzip: 0.09 kB
@n8n/rest-api-client:build: ℹ [CJS] dist\api/settings.d.cts                   0.10 kB │ gzip: 0.09 kB
@n8n/rest-api-client:build: ℹ [CJS] dist\api/webhooks.d.cts                   0.10 kB │ gzip: 0.09 kB
@n8n/rest-api-client:build: ℹ [CJS] dist\api/tags.d.cts                       0.06 kB │ gzip: 0.07 kB
@n8n/rest-api-client:build: ℹ [CJS] dist\api/execution.d.cts                  0.01 kB │ gzip: 0.03 kB
@n8n/rest-api-client:build: ℹ [CJS] dist\users.d.cts                          5.49 kB │ gzip: 1.26 kB
@n8n/rest-api-client:build: ℹ [CJS] dist\templates.d.cts                      5.28 kB │ gzip: 1.32 kB
@n8n/rest-api-client:build: ℹ [CJS] dist\secretsProvider.ee.d.cts             3.35 kB │ gzip: 0.57 kB
@n8n/rest-api-client:build: ℹ [CJS] dist\cloudPlans.d.cts                     2.92 kB │ gzip: 1.05 kB
@n8n/rest-api-client:build: ℹ [CJS] dist\workflowHistory.d.cts                2.57 kB │ gzip: 0.76 kB
@n8n/rest-api-client:build: ℹ [CJS] dist\utils2.d.cts                         2.40 kB │ gzip: 0.85 kB
@n8n/rest-api-client:build: ℹ [CJS] dist\nodeTypes.d.cts                      2.31 kB │ gzip: 0.61 kB
@n8n/rest-api-client:build: ℹ [CJS] dist\externalSecrets.ee.d.cts             1.96 kB │ gzip: 0.48 kB
@n8n/rest-api-client:build: ℹ [CJS] dist\ldap.d.cts                           1.75 kB │ gzip: 0.62 kB
@n8n/rest-api-client:build: ℹ [CJS] dist\sso.d.cts                            1.75 kB │ gzip: 0.52 kB
@n8n/rest-api-client:build: ℹ [CJS] dist\roleMappingRule.d.cts                1.61 kB │ gzip: 0.46 kB
@n8n/rest-api-client:build: ℹ [CJS] dist\credentialResolvers.d.cts            1.52 kB │ gzip: 0.43 kB
@n8n/rest-api-client:build: ℹ [CJS] dist\roles.d.cts                          1.33 kB │ gzip: 0.41 kB
@n8n/rest-api-client:build: ℹ [CJS] dist\workflows.d.cts                      1.33 kB │ gzip: 0.49 kB
@n8n/rest-api-client:build: ℹ [CJS] dist\versions.d.cts                       1.31 kB │ gzip: 0.51 kB
@n8n/rest-api-client:build: ℹ [CJS] dist\eventbus.ee.d.cts                    1.29 kB │ gzip: 0.42 kB
@n8n/rest-api-client:build: ℹ [CJS] dist\api-keys.d.cts                       1.20 kB │ gzip: 0.44 kB
@n8n/rest-api-client:build: ℹ [CJS] dist\mfa.d.cts                            0.94 kB │ gzip: 0.37 kB
@n8n/rest-api-client:build: ℹ [CJS] dist\communityNodes.d.cts                 0.91 kB │ gzip: 0.36 kB
@n8n/rest-api-client:build: ℹ [CJS] dist\usage.d.cts                          0.91 kB │ gzip: 0.36 kB
@n8n/rest-api-client:build: ℹ [CJS] dist\provisioning.d.cts                   0.88 kB │ gzip: 0.36 kB
@n8n/rest-api-client:build: ℹ [CJS] dist\security-settings.d.cts              0.53 kB │ gzip: 0.25 kB
@n8n/rest-api-client:build: ℹ [CJS] dist\webhooks.d.cts                       0.47 kB │ gzip: 0.28 kB
@n8n/rest-api-client:build: ℹ [CJS] dist\ui.d.cts                             0.36 kB │ gzip: 0.25 kB
@n8n/rest-api-client:build: ℹ [CJS] dist\instance-version-history.d.cts       0.36 kB │ gzip: 0.24 kB
@n8n/rest-api-client:build: ℹ [CJS] dist\ai-usage.d.cts                       0.35 kB │ gzip: 0.23 kB
@n8n/rest-api-client:build: ℹ [CJS] dist\module-settings.d.cts                0.34 kB │ gzip: 0.22 kB
@n8n/rest-api-client:build: ℹ [CJS] dist\instance-registry.d.cts              0.33 kB │ gzip: 0.22 kB
@n8n/rest-api-client:build: ℹ [CJS] dist\npsSurvey.d.cts                      0.33 kB │ gzip: 0.22 kB
@n8n/rest-api-client:build: ℹ [CJS] dist\settings.d.cts                       0.30 kB │ gzip: 0.20 kB
@n8n/rest-api-client:build: ℹ [CJS] dist\third-party-licenses.d.cts           0.28 kB │ gzip: 0.20 kB
@n8n/rest-api-client:build: ℹ [CJS] dist\orchestration.d.cts                  0.27 kB │ gzip: 0.20 kB
@n8n/rest-api-client:build: ℹ [CJS] dist\ctas.d.cts                           0.25 kB │ gzip: 0.19 kB
@n8n/rest-api-client:build: ℹ [CJS] dist\types2.d.cts                         0.25 kB │ gzip: 0.17 kB
@n8n/rest-api-client:build: ℹ [CJS] dist\events.d.cts                         0.24 kB │ gzip: 0.18 kB
@n8n/rest-api-client:build: ℹ [CJS] dist\tags.d.cts                           0.21 kB │ gzip: 0.16 kB
@n8n/rest-api-client:build: ℹ [CJS] dist\index2.d.cts                         0.01 kB │ gzip: 0.03 kB
@n8n/rest-api-client:build: ℹ [CJS] 79 files, total: 88.27 kB
@n8n/rest-api-client:build: ✔ Build complete in 3760ms
@n8n/design-system:build: cache miss, executing 0b29f9d3c042aa1a
@n8n/stores:build: cache miss, executing 240e8ecbd5e15106
@n8n/design-system:build: $ vite build
@n8n/stores:build: $ tsdown
@n8n/stores:build: ℹ tsdown v0.16.5 powered by rolldown v1.0.0-beta.50
@n8n/stores:build: ℹ Using tsdown config: D:\CODE\N8N\n8n\packages\frontend\@n8n\stores\tsdown.config.ts
@n8n/stores:build: ℹ entry: src\cloudPlan.store.ts, src\constants.ts, src\index.ts, src\invitation.api.ts, src\metaTagConfig.ts, src\modalOpeners.ts, src\notifications.store.ts, src\onboarding.api.ts, src\rbac.store.ts, src\roles.store.ts, src\settings.store.ts, src\useAgentRequestStore.ts, src\useRootStore.ts, src\users.store.ts, src\versions.store.ts, src\composables\useBasePageRedirectionHelper.ts, src\types\pageRedirection.ts
@n8n/stores:build: ℹ tsconfig: tsconfig.json
@n8n/stores:build: ℹ Build start
@n8n/stores:build: ℹ Cleaning 125 files
@n8n/stores:build: ℹ [CJS] dist\composables/useBasePageRedirectionHelper.cjs       4.46 kB │ gzip: 1.52 kB
@n8n/stores:build: ℹ [CJS] dist\roles.store.cjs                                    4.16 kB │ gzip: 1.13 kB
@n8n/stores:build: ℹ [CJS] dist\rbac.store.cjs                                     3.06 kB │ gzip: 0.96 kB
@n8n/stores:build: ℹ [CJS] dist\useAgentRequestStore.cjs                           1.96 kB │ gzip: 0.59 kB
@n8n/stores:build: ℹ [CJS] dist\notifications.store.cjs                            0.99 kB │ gzip: 0.41 kB
@n8n/stores:build: ℹ [CJS] dist\versions.store.cjs                                 0.42 kB │ gzip: 0.19 kB
@n8n/stores:build: ℹ [CJS] dist\users.store.cjs                                    0.31 kB │ gzip: 0.16 kB
@n8n/stores:build: ℹ [CJS] dist\cloudPlan.store.cjs                                0.27 kB │ gzip: 0.14 kB
@n8n/stores:build: ℹ [CJS] dist\metaTagConfig.cjs                                  0.23 kB │ gzip: 0.11 kB
@n8n/stores:build: ℹ [CJS] dist\settings.store.cjs                                 0.23 kB │ gzip: 0.13 kB
@n8n/stores:build: ℹ [CJS] dist\invitation.api.cjs                                 0.19 kB │ gzip: 0.11 kB
@n8n/stores:build: ℹ [CJS] dist\useRootStore.cjs                                   0.18 kB │ gzip: 0.11 kB
@n8n/stores:build: ℹ [CJS] dist\onboarding.api.cjs                                 0.14 kB │ gzip: 0.11 kB
@n8n/stores:build: ℹ [CJS] dist\constants.cjs                                      0.10 kB │ gzip: 0.08 kB
@n8n/stores:build: ℹ [CJS] dist\index.cjs                                          0.10 kB │ gzip: 0.08 kB
@n8n/stores:build: ℹ [CJS] dist\modalOpeners.cjs                                   0.00 kB │ gzip: 0.02 kB
@n8n/stores:build: ℹ [CJS] dist\types/pageRedirection.cjs                          0.00 kB │ gzip: 0.02 kB
@n8n/stores:build: ℹ [CJS] dist\settings2.store.cjs.map                           28.06 kB │ gzip: 7.03 kB
@n8n/stores:build: ℹ [CJS] dist\users2.store.cjs.map                              24.45 kB │ gzip: 6.63 kB
@n8n/stores:build: ℹ [CJS] dist\settings2.store.cjs                               19.78 kB │ gzip: 4.92 kB
@n8n/stores:build: ℹ [CJS] dist\versions2.store.cjs.map                           15.78 kB │ gzip: 4.56 kB
@n8n/stores:build: ℹ [CJS] dist\cloudPlan2.store.cjs.map                          15.17 kB │ gzip: 4.34 kB
@n8n/stores:build: ℹ [CJS] dist\users2.store.cjs                                  14.23 kB │ gzip: 3.33 kB
@n8n/stores:build: ℹ [CJS] dist\useRootStore2.cjs.map                             12.09 kB │ gzip: 2.47 kB
@n8n/stores:build: ℹ [CJS] dist\versions2.store.cjs                                9.36 kB │ gzip: 2.68 kB
@n8n/stores:build: ℹ [CJS] dist\cloudPlan2.store.cjs                               8.50 kB │ gzip: 2.39 kB
@n8n/stores:build: ℹ [CJS] dist\roles.store.cjs.map                                7.23 kB │ gzip: 1.98 kB
@n8n/stores:build: ℹ [CJS] dist\composables/useBasePageRedirectionHelper.cjs.map   7.03 kB │ gzip: 2.39 kB
@n8n/stores:build: ℹ [CJS] dist\useRootStore2.cjs                                  6.68 kB │ gzip: 1.48 kB
@n8n/stores:build: ℹ [CJS] dist\rbac.store.cjs.map                                 6.11 kB │ gzip: 1.67 kB
@n8n/stores:build: ℹ [CJS] dist\useAgentRequestStore.cjs.map                       3.83 kB │ gzip: 1.15 kB
@n8n/stores:build: ℹ [CJS] dist\constants2.cjs.map                                 3.25 kB │ gzip: 1.35 kB
@n8n/stores:build: ℹ [CJS] dist\constants2.cjs                                     2.33 kB │ gzip: 1.14 kB
@n8n/stores:build: ℹ [CJS] dist\metaTagConfig2.cjs.map                             1.94 kB │ gzip: 0.77 kB
@n8n/stores:build: ℹ [CJS] dist\notifications.store.cjs.map                        1.76 kB │ gzip: 0.72 kB
@n8n/stores:build: ℹ [CJS] dist\invitation2.api.cjs.map                            1.64 kB │ gzip: 0.70 kB
@n8n/stores:build: ℹ [CJS] dist\metaTagConfig2.cjs                                 1.34 kB │ gzip: 0.51 kB
@n8n/stores:build: ℹ [CJS] dist\onboarding2.api.cjs.map                            1.09 kB │ gzip: 0.62 kB
@n8n/stores:build: ℹ [CJS] dist\invitation2.api.cjs                                0.84 kB │ gzip: 0.38 kB
@n8n/stores:build: ℹ [CJS] dist\onboarding2.api.cjs                                0.77 kB │ gzip: 0.46 kB
@n8n/stores:build: ℹ [CJS] 40 files, total: 210.05 kB
@n8n/stores:build: [33m[EMPTY_IMPORT_META] Warning:[0m `import.meta` may not be a valid syntax with the `cjs` output format.
@n8n/stores:build:    [38;5;246m╭[0m[38;5;246m─[0m[38;5;246m[[0m src/useRootStore.ts:9:34 [38;5;246m][0m
@n8n/stores:build:    [38;5;246m│[0m
@n8n/stores:build:  [38;5;246m9 │[0m [38;5;249mc[0m[38;5;249mo[0m[38;5;249mn[0m[38;5;249ms[0m[38;5;249mt[0m[38;5;249m [0m[38;5;249m{[0m[38;5;249m [0m[38;5;249mV[0m[38;5;249mU[0m[38;5;249mE[0m[38;5;249m_[0m[38;5;249mA[0m[38;5;249mP[0m[38;5;249mP[0m[38;5;249m_[0m[38;5;249mU[0m[38;5;249mR[0m[38;5;249mL[0m[38;5;249m_[0m[38;5;249mB[0m[38;5;249mA[0m[38;5;249mS[0m[38;5;249mE[0m[38;5;249m_[0m[38;5;249mA[0m[38;5;249mP[0m[38;5;249mI[0m[38;5;249m [0m[38;5;249m}[0m[38;5;249m [0m[38;5;249m=[0m[38;5;249m [0mimport.meta[38;5;249m.[0m[38;5;249me[0m[38;5;249mn[0m[38;5;249mv[0m[38;5;249m;[0m
@n8n/stores:build:  [38;5;240m  │[0m                                  ─────┬─────  
@n8n/stores:build:  [38;5;240m  │[0m                                       ╰─────── This `import.meta` will be replaced with an empty object (`{}`) automatically. If this is desired, you can suppress this warning by adding `transform.define: { 'import.meta': {} }`. If `import.meta` needs to be kept as-is, you need to set the output format to `esm`.
@n8n/stores:build: [38;5;246m───╯[0m
@n8n/stores:build: 
@n8n/stores:build: [33m[EMPTY_IMPORT_META] Warning:[0m `import.meta` may not be a valid syntax with the `cjs` output format.
@n8n/stores:build:     [38;5;246m╭[0m[38;5;246m─[0m[38;5;246m[[0m src/versions.store.ts:60:7 [38;5;246m][0m
@n8n/stores:build:     [38;5;246m│[0m
@n8n/stores:build:  [38;5;246m60 │[0m [38;5;249m [0m[38;5;249m [0m[38;5;249m [0m[38;5;249m [0m[38;5;249m [0m[38;5;249m [0m[38;5;249m [0m[38;5;249mi[0m[38;5;249mf[0m[38;5;249m [0m[38;5;249m([0mimport.meta[38;5;249m.[0m[38;5;249me[0m[38;5;249mn[0m[38;5;249mv[0m[38;5;249m.[0m[38;5;249mD[0m[38;5;249mE[0m[38;5;249mV[0m[38;5;249m)[0m[38;5;249m [0m[38;5;249m{[0m
@n8n/stores:build:  [38;5;240m   │[0m            ─────┬─────  
@n8n/stores:build:  [38;5;240m   │[0m                 ╰─────── This `import.meta` will be replaced with an empty object (`{}`) automatically. If this is desired, you can suppress this warning by adding `transform.define: { 'import.meta': {} }`. If `import.meta` needs to be kept as-is, you need to set the output format to `esm`.
@n8n/stores:build: [38;5;246m────╯[0m
@n8n/stores:build: 
@n8n/stores:build: [33m[EMPTY_IMPORT_META] Warning:[0m `import.meta` may not be a valid syntax with the `cjs` output format.
@n8n/stores:build:     [38;5;246m╭[0m[38;5;246m─[0m[38;5;246m[[0m src/users.store.ts:64:7 [38;5;246m][0m
@n8n/stores:build:     [38;5;246m│[0m
@n8n/stores:build:  [38;5;246m64 │[0m [38;5;249m [0m[38;5;249m [0m[38;5;249m [0m[38;5;249m [0m[38;5;249m [0m[38;5;249m [0m[38;5;249m [0m[38;5;249mi[0m[38;5;249mf[0m[38;5;249m [0m[38;5;249m([0mimport.meta[38;5;249m.[0m[38;5;249me[0m[38;5;249mn[0m[38;5;249mv[0m[38;5;249m.[0m[38;5;249mD[0m[38;5;249mE[0m[38;5;249mV[0m[38;5;249m)[0m[38;5;249m [0m[38;5;249m{[0m
@n8n/stores:build:  [38;5;240m   │[0m            ─────┬─────  
@n8n/stores:build:  [38;5;240m   │[0m                 ╰─────── This `import.meta` will be replaced with an empty object (`{}`) automatically. If this is desired, you can suppress this warning by adding `transform.define: { 'import.meta': {} }`. If `import.meta` needs to be kept as-is, you need to set the output format to `esm`.
@n8n/stores:build: [38;5;246m────╯[0m
@n8n/stores:build: 
@n8n/stores:build: ℹ [ESM] dist\composables/useBasePageRedirectionHelper.mjs        4.23 kB │ gzip:  1.47 kB
@n8n/stores:build: ℹ [ESM] dist\roles.store.mjs                                     3.73 kB │ gzip:  1.09 kB
@n8n/stores:build: ℹ [ESM] dist\rbac.store.mjs                                      2.89 kB │ gzip:  0.93 kB
@n8n/stores:build: ℹ [ESM] dist\useAgentRequestStore.mjs                            1.85 kB │ gzip:  0.55 kB
@n8n/stores:build: ℹ [ESM] dist\notifications.store.mjs                             0.86 kB │ gzip:  0.38 kB
@n8n/stores:build: ℹ [ESM] dist\versions.store.mjs                                  0.34 kB │ gzip:  0.18 kB
@n8n/stores:build: ℹ [ESM] dist\users.store.mjs                                     0.27 kB │ gzip:  0.15 kB
@n8n/stores:build: ℹ [ESM] dist\cloudPlan.store.mjs                                 0.21 kB │ gzip:  0.14 kB
@n8n/stores:build: ℹ [ESM] dist\settings.store.mjs                                  0.18 kB │ gzip:  0.12 kB
@n8n/stores:build: ℹ [ESM] dist\metaTagConfig.mjs                                   0.16 kB │ gzip:  0.11 kB
@n8n/stores:build: ℹ [ESM] dist\useRootStore.mjs                                    0.14 kB │ gzip:  0.10 kB
@n8n/stores:build: ℹ [ESM] dist\invitation.api.mjs                                  0.12 kB │ gzip:  0.10 kB
@n8n/stores:build: ℹ [ESM] dist\onboarding.api.mjs                                  0.10 kB │ gzip:  0.09 kB
@n8n/stores:build: ℹ [ESM] dist\constants.mjs                                       0.07 kB │ gzip:  0.08 kB
@n8n/stores:build: ℹ [ESM] dist\index.mjs                                           0.07 kB │ gzip:  0.08 kB
@n8n/stores:build: ℹ [ESM] dist\modalOpeners.mjs                                    0.01 kB │ gzip:  0.03 kB
@n8n/stores:build: ℹ [ESM] dist\types/pageRedirection.mjs                           0.01 kB │ gzip:  0.03 kB
@n8n/stores:build: ℹ [ESM] dist\settings2.store.mjs.map                            28.24 kB │ gzip:  6.95 kB
@n8n/stores:build: ℹ [ESM] dist\users2.store.mjs.map                               24.45 kB │ gzip:  6.56 kB
@n8n/stores:build: ℹ [ESM] dist\settings2.store.mjs                                17.04 kB │ gzip:  4.34 kB
@n8n/stores:build: ℹ [ESM] dist\versions2.store.mjs.map                            15.67 kB │ gzip:  4.48 kB
@n8n/stores:build: ℹ [ESM] dist\cloudPlan2.store.mjs.map                           15.24 kB │ gzip:  4.30 kB
@n8n/stores:build: ℹ [ESM] dist\users2.store.mjs                                   12.57 kB │ gzip:  3.17 kB
@n8n/stores:build: ℹ [ESM] dist\useRootStore2.mjs.map                              12.18 kB │ gzip:  2.46 kB
@n8n/stores:build: ℹ [ESM] dist\versions2.store.mjs                                 8.49 kB │ gzip:  2.54 kB
@n8n/stores:build: ℹ [ESM] dist\cloudPlan2.store.mjs                                7.95 kB │ gzip:  2.29 kB
@n8n/stores:build: ℹ [ESM] dist\roles.store.mjs.map                                 7.12 kB │ gzip:  1.96 kB
@n8n/stores:build: ℹ [ESM] dist\composables/useBasePageRedirectionHelper.mjs.map    6.93 kB │ gzip:  2.36 kB
@n8n/stores:build: ℹ [ESM] dist\useRootStore2.mjs                                   6.25 kB │ gzip:  1.38 kB
@n8n/stores:build: ℹ [ESM] dist\rbac.store.mjs.map                                  6.16 kB │ gzip:  1.69 kB
@n8n/stores:build: ℹ [ESM] dist\useAgentRequestStore.mjs.map                        3.84 kB │ gzip:  1.16 kB
@n8n/stores:build: ℹ [ESM] dist\constants2.mjs.map                                  3.25 kB │ gzip:  1.35 kB
@n8n/stores:build: ℹ [ESM] dist\constants2.mjs                                      2.24 kB │ gzip:  1.07 kB
@n8n/stores:build: ℹ [ESM] dist\metaTagConfig2.mjs.map                              1.94 kB │ gzip:  0.77 kB
@n8n/stores:build: ℹ [ESM] dist\notifications.store.mjs.map                         1.77 kB │ gzip:  0.72 kB
@n8n/stores:build: ℹ [ESM] dist\invitation2.api.mjs.map                             1.65 kB │ gzip:  0.70 kB
@n8n/stores:build: ℹ [ESM] dist\metaTagConfig2.mjs                                  1.12 kB │ gzip:  0.46 kB
@n8n/stores:build: ℹ [ESM] dist\onboarding2.api.mjs.map                             1.10 kB │ gzip:  0.62 kB
@n8n/stores:build: ℹ [ESM] dist\onboarding2.api.mjs                                 0.56 kB │ gzip:  0.36 kB
@n8n/stores:build: ℹ [ESM] dist\invitation2.api.mjs                                 0.52 kB │ gzip:  0.28 kB
@n8n/stores:build: ℹ [ESM] dist\settings.store.d.mts                              139.39 kB │ gzip: 11.30 kB
@n8n/stores:build: ℹ [ESM] dist\roles.store.d.mts                                  22.98 kB │ gzip:  0.99 kB
@n8n/stores:build: ℹ [ESM] dist\users.store.d.mts                                  19.96 kB │ gzip:  2.28 kB
@n8n/stores:build: ℹ [ESM] dist\cloudPlan.store.d.mts                              18.25 kB │ gzip:  1.70 kB
@n8n/stores:build: ℹ [ESM] dist\rbac.store.d.mts                                   16.82 kB │ gzip:  1.19 kB
@n8n/stores:build: ℹ [ESM] dist\versions.store.d.mts                               11.42 kB │ gzip:  1.10 kB
@n8n/stores:build: ℹ [ESM] dist\useRootStore.d.mts                                  8.86 kB │ gzip:  1.06 kB
@n8n/stores:build: ℹ [ESM] dist\useAgentRequestStore.d.mts                          2.45 kB │ gzip:  0.49 kB
@n8n/stores:build: ℹ [ESM] dist\composables/useBasePageRedirectionHelper.d.mts      0.79 kB │ gzip:  0.35 kB
@n8n/stores:build: ℹ [ESM] dist\notifications.store.d.mts                           0.72 kB │ gzip:  0.30 kB
@n8n/stores:build: ℹ [ESM] dist\onboarding.api.d.mts                                0.32 kB │ gzip:  0.23 kB
@n8n/stores:build: ℹ [ESM] dist\metaTagConfig.d.mts                                 0.31 kB │ gzip:  0.17 kB
@n8n/stores:build: ℹ [ESM] dist\invitation.api.d.mts                                0.16 kB │ gzip:  0.12 kB
@n8n/stores:build: ℹ [ESM] dist\types/pageRedirection.d.mts                         0.14 kB │ gzip:  0.12 kB
@n8n/stores:build: ℹ [ESM] dist\modalOpeners.d.mts                                  0.08 kB │ gzip:  0.07 kB
@n8n/stores:build: ℹ [ESM] dist\constants.d.mts                                     0.07 kB │ gzip:  0.07 kB
@n8n/stores:build: ℹ [ESM] dist\index.d.mts                                         0.07 kB │ gzip:  0.07 kB
@n8n/stores:build: ℹ [ESM] dist\constants2.d.mts                                    2.88 kB │ gzip:  1.10 kB
@n8n/stores:build: ℹ [ESM] dist\pageRedirection.d.mts                               1.56 kB │ gzip:  0.57 kB
@n8n/stores:build: ℹ [ESM] dist\invitation2.api.d.mts                               0.94 kB │ gzip:  0.42 kB
@n8n/stores:build: ℹ [ESM] dist\modalOpeners2.d.mts                                 0.28 kB │ gzip:  0.19 kB
@n8n/stores:build: ℹ [ESM] 61 files, total: 449.95 kB
@n8n/stores:build: ℹ [CJS] dist\settings.store.d.cts                            139.39 kB │ gzip: 11.30 kB
@n8n/stores:build: ℹ [CJS] dist\roles.store.d.cts                                22.98 kB │ gzip:  0.99 kB
@n8n/stores:build: ℹ [CJS] dist\users.store.d.cts                                19.96 kB │ gzip:  2.28 kB
@n8n/stores:build: ℹ [CJS] dist\cloudPlan.store.d.cts                            18.25 kB │ gzip:  1.70 kB
@n8n/stores:build: ℹ [CJS] dist\rbac.store.d.cts                                 16.82 kB │ gzip:  1.19 kB
@n8n/stores:build: ℹ [CJS] dist\versions.store.d.cts                             11.42 kB │ gzip:  1.10 kB
@n8n/stores:build: ℹ [CJS] dist\useRootStore.d.cts                                8.86 kB │ gzip:  1.06 kB
@n8n/stores:build: ℹ [CJS] dist\useAgentRequestStore.d.cts                        2.45 kB │ gzip:  0.49 kB
@n8n/stores:build: ℹ [CJS] dist\composables/useBasePageRedirectionHelper.d.cts    0.79 kB │ gzip:  0.35 kB
@n8n/stores:build: ℹ [CJS] dist\notifications.store.d.cts                         0.72 kB │ gzip:  0.30 kB
@n8n/stores:build: ℹ [CJS] dist\onboarding.api.d.cts                              0.32 kB │ gzip:  0.23 kB
@n8n/stores:build: ℹ [CJS] dist\metaTagConfig.d.cts                               0.31 kB │ gzip:  0.17 kB
@n8n/stores:build: ℹ [CJS] dist\invitation.api.d.cts                              0.16 kB │ gzip:  0.12 kB
@n8n/stores:build: ℹ [CJS] dist\types/pageRedirection.d.cts                       0.14 kB │ gzip:  0.12 kB
@n8n/stores:build: ℹ [CJS] dist\modalOpeners.d.cts                                0.08 kB │ gzip:  0.07 kB
@n8n/stores:build: ℹ [CJS] dist\constants.d.cts                                   0.07 kB │ gzip:  0.07 kB
@n8n/stores:build: ℹ [CJS] dist\index.d.cts                                       0.07 kB │ gzip:  0.07 kB
@n8n/stores:build: ℹ [CJS] dist\constants2.d.cts                                  2.88 kB │ gzip:  1.10 kB
@n8n/stores:build: ℹ [CJS] dist\pageRedirection.d.cts                             1.56 kB │ gzip:  0.57 kB
@n8n/stores:build: ℹ [CJS] dist\invitation2.api.d.cts                             0.94 kB │ gzip:  0.42 kB
@n8n/stores:build: ℹ [CJS] dist\modalOpeners2.d.cts                               0.28 kB │ gzip:  0.19 kB
@n8n/stores:build: ℹ [CJS] 21 files, total: 248.43 kB
@n8n/stores:build: ✔ Build complete in 3420ms
@n8n/design-system:build: vite v8.0.2 building client environment for production...
n8n-nodes-base:build: Default locale set to: [35men[0m
n8n-nodes-base:build: No translation required - Skipping translations build...
@n8n/design-system:build: Browserslist: browsers data (caniuse-lite) is 6 months old. Please run:
@n8n/design-system:build:   npx update-browserslist-db@latest
@n8n/design-system:build:   Why you should do it regularly: https://github.com/browserslist/update-db#readme
@n8n/design-system:build: [2K@n8n/design-system:build: transforming...✓ 1049 modules transformed.
@n8n/design-system:build: rendering chunks...
@n8n/design-system:build: 
@n8n/design-system:build: [vite:dts] Start generate declaration files...
@n8n/design-system:build: [96msrc/v2/components/Combobox/ComboboxItem.vue[0m:[93m23[0m:[93m3[0m - [91merror[0m[90m TS2345: [0mArgument of type '{ disabled: boolean; value: string; textValue: string; dataDisabled: true | undefined; class: string; onSelect: any; onMousedown: any; }' is not assignable to parameter of type '{ readonly type?: "item" | undefined; readonly value: string; readonly label: string; readonly icon?: "anthropic" | "bolt-filled" | "filled-square" | "grip-lines-vertical" | "variable" | ... 279 more ... | undefined; readonly disabled?: boolean | undefined; readonly textValue?: string | undefined; readonly keywords?...'.
@n8n/design-system:build:   Property 'label' is missing in type '{ disabled: boolean; value: string; textValue: string; dataDisabled: true | undefined; class: string; onSelect: any; onMousedown: any; }' but required in type '{ readonly type?: "item" | undefined; readonly value: string; readonly label: string; readonly icon?: "anthropic" | "bolt-filled" | "filled-square" | "grip-lines-vertical" | "variable" | "pop-out" | ... 278 more ... | undefined; readonly disabled?: boolean | undefined; readonly textValue?: string | undefined; readon...'.
@n8n/design-system:build: 
@n8n/design-system:build: [7m23[0m  <ComboboxItem
@n8n/design-system:build: [7m  [0m [91m  ~~~~~~~~~~~~[0m
@n8n/design-system:build: 
@n8n/design-system:build:   [96msrc/v2/components/Combobox/Combobox.types.ts[0m:[93m10[0m:[93m2[0m
@n8n/design-system:build:     [7m10[0m  label: string;
@n8n/design-system:build:     [7m  [0m [96m ~~~~~[0m
@n8n/design-system:build:     'label' is declared here.
@n8n/design-system:build: 
@n8n/design-system:build: [vite:dts] Declaration files built in 22643ms.
@n8n/design-system:build: 
@n8n/design-system:build: computing gzip size...
@n8n/design-system:build: dist/style.css                           384.07 kB │ gzip:  46.21 kB
@n8n/design-system:build: dist/plugin.js                             0.07 kB │ gzip:   0.08 kB
@n8n/design-system:build: dist/useIconBodyLoader-TKQVcLVc.js         0.20 kB │ gzip:   0.17 kB
@n8n/design-system:build: dist/plugin-DT0YTbz-.js                    0.99 kB │ gzip:   0.58 kB
@n8n/design-system:build: dist/icons/lucide/index.js                 1.55 kB │ gzip:   0.63 kB
@n8n/design-system:build: dist/en-Ubc0tWnj.js                       12.69 kB │ gzip:   3.67 kB
@n8n/design-system:build: dist/lucide-icons-bucket-13-C9gGGcMo.js   26.05 kB │ gzip:   5.44 kB
@n8n/design-system:build: dist/lucide-icons-bucket-14-BWliLnR1.js   26.25 kB │ gzip:   5.30 kB
@n8n/design-system:build: dist/lucide-icons-bucket-11-Ds8QwYDh.js   28.75 kB │ gzip:   6.20 kB
@n8n/design-system:build: dist/lucide-icons-bucket-6-AleswO1A.js    28.88 kB │ gzip:   5.97 kB
@n8n/design-system:build: dist/lucide-icons-bucket-7-D80iZbJz.js    29.36 kB │ gzip:   6.38 kB
@n8n/design-system:build: dist/lucide-icons-bucket-9-by9vBB8Z.js    29.38 kB │ gzip:   6.60 kB
@n8n/design-system:build: dist/lucide-icons-bucket-15-CLY5CBLS.js   32.27 kB │ gzip:   6.66 kB
@n8n/design-system:build: dist/lucide-icons-bucket-4-BPArXNh5.js    33.20 kB │ gzip:   6.95 kB
@n8n/design-system:build: dist/lucide-icons-bucket-2-CbY7fxwP.js    34.51 kB │ gzip:   7.56 kB
@n8n/design-system:build: dist/lucide-icons-bucket-0-DqyR_rVv.js    34.58 kB │ gzip:   7.09 kB
@n8n/design-system:build: dist/lucide-icons-bucket-1-Bm-V3uZ6.js    34.74 kB │ gzip:   7.44 kB
@n8n/design-system:build: dist/lucide-icons-bucket-8-pvdXrKbw.js    35.69 kB │ gzip:   7.80 kB
@n8n/design-system:build: dist/lucide-icons-bucket-3-BETKMrI1.js    35.69 kB │ gzip:   7.20 kB
@n8n/design-system:build: dist/lucide-icons-bucket-5-BieAWTJB.js    36.78 kB │ gzip:   7.59 kB
@n8n/design-system:build: dist/lucide-icons-bucket-12-D9Z8UvgY.js   36.92 kB │ gzip:   7.68 kB
@n8n/design-system:build: dist/lucide-icons-bucket-10-DiRCwi50.js   37.85 kB │ gzip:   7.78 kB
@n8n/design-system:build: dist/node-icons-CaKBLFvs.js               50.40 kB │ gzip:   8.42 kB
@n8n/design-system:build: dist/lucideIconData-CKJ1do82.js          311.95 kB │ gzip:  51.80 kB
@n8n/design-system:build: dist/emojiData-zOxnhmb7.js               335.28 kB │ gzip:  56.50 kB
@n8n/design-system:build: dist/index.js                            673.75 kB │ gzip: 158.06 kB
@n8n/design-system:build: 
@n8n/design-system:build: [33m[PLUGIN_TIMINGS] Warning:[0m Your build spent significant time in plugins. Here is a breakdown:
@n8n/design-system:build:   - unplugin-icons (37%)
@n8n/design-system:build:   - vite:dts (19%)
@n8n/design-system:build:   - vite:vue (17%)
@n8n/design-system:build:   - vite:css (13%)
@n8n/design-system:build:   - n8n:lucide-icons (7%)
@n8n/design-system:build: See https://rolldown.rs/options/checks#plugintimings for more details.
@n8n/design-system:build: 
@n8n/design-system:build: ✓ built in 27.12s
@n8n/design-system:build: vite v8.0.2 building client environment for production...
@n8n/design-system:build: DEPRECATION WARNING [global-builtin]: Global built-in functions are deprecated and will be removed in Dart Sass 3.0.0.
@n8n/design-system:build: Use color.mix instead.
@n8n/design-system:build: 
@n8n/design-system:build: More info and automated migrator: https://sass-lang.com/d/import
@n8n/design-system:build: 
@n8n/design-system:build:    ╷
@n8n/design-system:build: 63 │ ┌           mix(
@n8n/design-system:build: 64 │ │             $mix-color,
@n8n/design-system:build: 65 │ │             map.get($colors, $type, 'base'),
@n8n/design-system:build: 66 │ │             math.percentage(math.div($number, 10))
@n8n/design-system:build: 67 │ │           ),
@n8n/design-system:build:    │ └───────────^
@n8n/design-system:build:    ╵
@n8n/design-system:build:     ..\..\..\..\..\element-plus@2.4.3_patch_ha_ad2671a9dc4701bd91b53b83324d31e0\node_modules\element-plus\theme-chalk\src\common\var.scss 63:11   set-color-mix-level()
@n8n/design-system:build:     ..\..\..\..\..\element-plus@2.4.3_patch_ha_ad2671a9dc4701bd91b53b83324d31e0\node_modules\element-plus\theme-chalk\src\common\var.scss 87:5    @use
@n8n/design-system:build:     ..\..\..\..\..\element-plus@2.4.3_patch_ha_ad2671a9dc4701bd91b53b83324d31e0\node_modules\element-plus\theme-chalk\src\mixins\mixins.scss 2:1  @use
@n8n/design-system:build:     ..\..\..\..\..\element-plus@2.4.3_patch_ha_ad2671a9dc4701bd91b53b83324d31e0\node_modules\element-plus\theme-chalk\src\slider.scss 3:1         @use
@n8n/design-system:build:     D:\CODE\N8N\n8n\packages\frontend\@n8n\design-system\src\css\slider.scss 7:1                                                                  @use
@n8n/design-system:build:     D:\CODE\N8N\n8n\packages\frontend\@n8n\design-system\src\css\index.scss 15:1                                                                  root stylesheet
@n8n/design-system:build: 
@n8n/design-system:build: DEPRECATION WARNING [global-builtin]: Global built-in functions are deprecated and will be removed in Dart Sass 3.0.0.
@n8n/design-system:build: Use meta.inspect instead.
@n8n/design-system:build: 
@n8n/design-system:build: More info and automated migrator: https://sass-lang.com/d/import
@n8n/design-system:build: 
@n8n/design-system:build:   ╷
@n8n/design-system:build: 5 │   $selector: inspect($selector);
@n8n/design-system:build:   │              ^^^^^^^^^^^^^^^^^^
@n8n/design-system:build:   ╵
@n8n/design-system:build:     ..\..\..\..\..\element-plus@2.4.3_patch_ha_ad2671a9dc4701bd91b53b83324d31e0\node_modules\element-plus\theme-chalk\src\mixins\function.scss 5:14   selectorToString()
@n8n/design-system:build:     ..\..\..\..\..\element-plus@2.4.3_patch_ha_ad2671a9dc4701bd91b53b83324d31e0\node_modules\element-plus\theme-chalk\src\mixins\function.scss 11:14  containsModifier()
@n8n/design-system:build:     ..\..\..\..\..\element-plus@2.4.3_patch_ha_ad2671a9dc4701bd91b53b83324d31e0\node_modules\element-plus\theme-chalk\src\mixins\function.scss 41:11  hitAllSpecialNestRule()
@n8n/design-system:build:     ..\..\..\..\..\element-plus@2.4.3_patch_ha_ad2671a9dc4701bd91b53b83324d31e0\node_modules\element-plus\theme-chalk\src\mixins\mixins.scss 77:7     e()
@n8n/design-system:build:     ..\..\..\..\..\element-plus@2.4.3_patch_ha_ad2671a9dc4701bd91b53b83324d31e0\node_modules\element-plus\theme-chalk\src\slider.scss 28:3            @content
@n8n/design-system:build:     ..\..\..\..\..\element-plus@2.4.3_patch_ha_ad2671a9dc4701bd91b53b83324d31e0\node_modules\element-plus\theme-chalk\src\mixins\mixins.scss 60:5     b()
@n8n/design-system:build:     ..\..\..\..\..\element-plus@2.4.3_patch_ha_ad2671a9dc4701bd91b53b83324d31e0\node_modules\element-plus\theme-chalk\src\slider.scss 22:1            @use
@n8n/design-system:build:     D:\CODE\N8N\n8n\packages\frontend\@n8n\design-system\src\css\slider.scss 7:1                                                                      @use
@n8n/design-system:build:     D:\CODE\N8N\n8n\packages\frontend\@n8n\design-system\src\css\index.scss 15:1                                                                      root stylesheet
@n8n/design-system:build: 
@n8n/design-system:build: DEPRECATION WARNING [global-builtin]: Global built-in functions are deprecated and will be removed in Dart Sass 3.0.0.
@n8n/design-system:build: Use string.slice instead.
@n8n/design-system:build: 
@n8n/design-system:build: More info and automated migrator: https://sass-lang.com/d/import
@n8n/design-system:build: 
@n8n/design-system:build:   ╷
@n8n/design-system:build: 6 │   $selector: str-slice($selector, 2, -2);
@n8n/design-system:build:   │              ^^^^^^^^^^^^^^^^^^^^^^^^^^^
@n8n/design-system:build:   ╵
@n8n/design-system:build:     ..\..\..\..\..\element-plus@2.4.3_patch_ha_ad2671a9dc4701bd91b53b83324d31e0\node_modules\element-plus\theme-chalk\src\mixins\function.scss 6:14   selectorToString()
@n8n/design-system:build:     ..\..\..\..\..\element-plus@2.4.3_patch_ha_ad2671a9dc4701bd91b53b83324d31e0\node_modules\element-plus\theme-chalk\src\mixins\function.scss 11:14  containsModifier()
@n8n/design-system:build:     ..\..\..\..\..\element-plus@2.4.3_patch_ha_ad2671a9dc4701bd91b53b83324d31e0\node_modules\element-plus\theme-chalk\src\mixins\function.scss 41:11  hitAllSpecialNestRule()
@n8n/design-system:build:     ..\..\..\..\..\element-plus@2.4.3_patch_ha_ad2671a9dc4701bd91b53b83324d31e0\node_modules\element-plus\theme-chalk\src\mixins\mixins.scss 77:7     e()
@n8n/design-system:build:     ..\..\..\..\..\element-plus@2.4.3_patch_ha_ad2671a9dc4701bd91b53b83324d31e0\node_modules\element-plus\theme-chalk\src\slider.scss 28:3            @content
@n8n/design-system:build:     ..\..\..\..\..\element-plus@2.4.3_patch_ha_ad2671a9dc4701bd91b53b83324d31e0\node_modules\element-plus\theme-chalk\src\mixins\mixins.scss 60:5     b()
@n8n/design-system:build:     ..\..\..\..\..\element-plus@2.4.3_patch_ha_ad2671a9dc4701bd91b53b83324d31e0\node_modules\element-plus\theme-chalk\src\slider.scss 22:1            @use
@n8n/design-system:build:     D:\CODE\N8N\n8n\packages\frontend\@n8n\design-system\src\css\slider.scss 7:1                                                                      @use
@n8n/design-system:build:     D:\CODE\N8N\n8n\packages\frontend\@n8n\design-system\src\css\index.scss 15:1                                                                      root stylesheet
@n8n/design-system:build: 
@n8n/design-system:build: DEPRECATION WARNING [global-builtin]: Global built-in functions are deprecated and will be removed in Dart Sass 3.0.0.
@n8n/design-system:build: Use string.index instead.
@n8n/design-system:build: 
@n8n/design-system:build: More info and automated migrator: https://sass-lang.com/d/import
@n8n/design-system:build: 
@n8n/design-system:build:    ╷
@n8n/design-system:build: 13 │   @if str-index($selector, config.$modifier-separator) {
@n8n/design-system:build:    │       ^^^^^^^^^^^^^^^^^^^^^^^^^^^^^^^^^^^^^^^^^^^^^^^^
@n8n/design-system:build:    ╵
@n8n/design-system:build:     ..\..\..\..\..\element-plus@2.4.3_patch_ha_ad2671a9dc4701bd91b53b83324d31e0\node_modules\element-plus\theme-chalk\src\mixins\function.scss 13:7   containsModifier()
@n8n/design-system:build:     ..\..\..\..\..\element-plus@2.4.3_patch_ha_ad2671a9dc4701bd91b53b83324d31e0\node_modules\element-plus\theme-chalk\src\mixins\function.scss 41:11  hitAllSpecialNestRule()
@n8n/design-system:build:     ..\..\..\..\..\element-plus@2.4.3_patch_ha_ad2671a9dc4701bd91b53b83324d31e0\node_modules\element-plus\theme-chalk\src\mixins\mixins.scss 77:7     e()
@n8n/design-system:build:     ..\..\..\..\..\element-plus@2.4.3_patch_ha_ad2671a9dc4701bd91b53b83324d31e0\node_modules\element-plus\theme-chalk\src\slider.scss 28:3            @content
@n8n/design-system:build:     ..\..\..\..\..\element-plus@2.4.3_patch_ha_ad2671a9dc4701bd91b53b83324d31e0\node_modules\element-plus\theme-chalk\src\mixins\mixins.scss 60:5     b()
@n8n/design-system:build:     ..\..\..\..\..\element-plus@2.4.3_patch_ha_ad2671a9dc4701bd91b53b83324d31e0\node_modules\element-plus\theme-chalk\src\slider.scss 22:1            @use
@n8n/design-system:build:     D:\CODE\N8N\n8n\packages\frontend\@n8n\design-system\src\css\slider.scss 7:1                                                                      @use
@n8n/design-system:build:     D:\CODE\N8N\n8n\packages\frontend\@n8n\design-system\src\css\index.scss 15:1                                                                      root stylesheet
@n8n/design-system:build: 
@n8n/design-system:build: DEPRECATION WARNING [global-builtin]: Global built-in functions are deprecated and will be removed in Dart Sass 3.0.0.
@n8n/design-system:build: Use string.index instead.
@n8n/design-system:build: 
@n8n/design-system:build: More info and automated migrator: https://sass-lang.com/d/import
@n8n/design-system:build: 
@n8n/design-system:build:    ╷
@n8n/design-system:build: 23 │   @if str-index($selector, '.' + config.$state-prefix) {
@n8n/design-system:build:    │       ^^^^^^^^^^^^^^^^^^^^^^^^^^^^^^^^^^^^^^^^^^^^^^^^
@n8n/design-system:build:    ╵
@n8n/design-system:build:     ..\..\..\..\..\element-plus@2.4.3_patch_ha_ad2671a9dc4701bd91b53b83324d31e0\node_modules\element-plus\theme-chalk\src\mixins\function.scss 23:7   containWhenFlag()
@n8n/design-system:build:     ..\..\..\..\..\element-plus@2.4.3_patch_ha_ad2671a9dc4701bd91b53b83324d31e0\node_modules\element-plus\theme-chalk\src\mixins\function.scss 41:42  hitAllSpecialNestRule()
@n8n/design-system:build:     ..\..\..\..\..\element-plus@2.4.3_patch_ha_ad2671a9dc4701bd91b53b83324d31e0\node_modules\element-plus\theme-chalk\src\mixins\mixins.scss 77:7     e()
@n8n/design-system:build:     ..\..\..\..\..\element-plus@2.4.3_patch_ha_ad2671a9dc4701bd91b53b83324d31e0\node_modules\element-plus\theme-chalk\src\slider.scss 28:3            @content
@n8n/design-system:build:     ..\..\..\..\..\element-plus@2.4.3_patch_ha_ad2671a9dc4701bd91b53b83324d31e0\node_modules\element-plus\theme-chalk\src\mixins\mixins.scss 60:5     b()
@n8n/design-system:build:     ..\..\..\..\..\element-plus@2.4.3_patch_ha_ad2671a9dc4701bd91b53b83324d31e0\node_modules\element-plus\theme-chalk\src\slider.scss 22:1            @use
@n8n/design-system:build:     D:\CODE\N8N\n8n\packages\frontend\@n8n\design-system\src\css\slider.scss 7:1                                                                      @use
@n8n/design-system:build:     D:\CODE\N8N\n8n\packages\frontend\@n8n\design-system\src\css\index.scss 15:1                                                                      root stylesheet
@n8n/design-system:build: 
@n8n/design-system:build: WARNING: 1 repetitive deprecation warnings omitted.
@n8n/design-system:build: Run in verbose mode to see all warnings.
@n8n/design-system:build: 
@n8n/design-system:build: [2K@n8n/design-system:build: transforming...✓ 2 modules transformed.
@n8n/design-system:build: rendering chunks...
@n8n/design-system:build: computing gzip size...
@n8n/design-system:build: dist/assets/element-icons.woff           28.20 kB
@n8n/design-system:build: dist/assets/element-icons.ttf            55.95 kB
@n8n/design-system:build: dist/assets/CommitMonoVariable.woff2     86.76 kB
@n8n/design-system:build: dist/assets/InterVariable.woff2         352.24 kB
@n8n/design-system:build: dist/assets/InterVariable-Italic.woff2  387.97 kB
@n8n/design-system:build: dist/theme.css                          331.21 kB │ gzip: 41.72 kB
@n8n/design-system:build: 
@n8n/design-system:build: ✓ built in 610ms
@n8n/chat:build: cache miss, executing a488ce0d004863ca
@n8n/mcp-apps:build: cache miss, executing 59225b8f51b904b9
@n8n/mcp-browser-extension:build: cache miss, executing b299e8939c42d31a
@n8n/chat:build: $ pnpm build:vite && pnpm build:bundle
@n8n/mcp-browser-extension:build: $ vite build --config vite.sw.config.mts && vite build --config vite.ui.config.mts
@n8n/mcp-apps:build: $ pnpm build:ui && pnpm build:server
@n8n/mcp-browser-extension:build: vite v8.0.2 building client environment for production...
@n8n/mcp-browser-extension:build: [2K@n8n/mcp-browser-extension:build: transforming...✓ 9 modules transformed.
@n8n/mcp-browser-extension:build: rendering chunks...
@n8n/chat:build: $ cross-env vite build
@n8n/mcp-browser-extension:build: computing gzip size...
@n8n/mcp-browser-extension:build: dist/background.mjs  29.21 kB │ gzip: 8.42 kB │ map: 96.38 kB
@n8n/mcp-browser-extension:build: 
@n8n/mcp-browser-extension:build: ✓ built in 104ms
@n8n/mcp-apps:build: $ vite build --mode workflow-preview
@n8n/mcp-browser-extension:build: vite v8.0.2 building client environment for production...
@n8n/mcp-apps:build: vite v8.0.2 building client environment for workflow-preview...
@n8n/chat:build: vite v8.0.2 building client environment for production...
@n8n/mcp-browser-extension:build: [2K@n8n/mcp-browser-extension:build: transforming...✓ 3221 modules transformed.
@n8n/mcp-apps:build: [2K@n8n/mcp-apps:build: transforming...✓ 3359 modules transformed.
@n8n/mcp-apps:build: rendering chunks...
@n8n/mcp-browser-extension:build: rendering chunks...
@n8n/mcp-apps:build: [plugin vite:singlefile] 
@n8n/mcp-apps:build: 
@n8n/mcp-apps:build: [plugin vite:singlefile] Inlining: index-V1YX8mST.js
@n8n/mcp-apps:build: [plugin vite:singlefile] Inlining: style-PPwJ5CX9.css
@n8n/mcp-apps:build: computing gzip size...
@n8n/mcp-apps:build: dist/apps/index.html  1,167.11 kB │ gzip: 513.48 kB
@n8n/mcp-apps:build: 
@n8n/mcp-apps:build: [33m[PLUGIN_TIMINGS] Warning:[0m Your build spent significant time in plugins. Here is a breakdown:
@n8n/mcp-apps:build:   - unplugin-icons (73%)
@n8n/mcp-apps:build:   - svg-loader (17%)
@n8n/mcp-apps:build:   - vite:css (6%)
@n8n/mcp-apps:build: See https://rolldown.rs/options/checks#plugintimings for more details.
@n8n/mcp-apps:build: 
@n8n/mcp-apps:build: ✓ built in 7.94s
@n8n/mcp-browser-extension:build: computing gzip size...
@n8n/mcp-browser-extension:build: dist/connect.html                                  0.47 kB │ gzip:  0.29 kB
@n8n/mcp-browser-extension:build: dist/drawer.html                                   0.69 kB │ gzip:  0.43 kB
@n8n/mcp-browser-extension:build: dist/InterVariable.woff2                         352.24 kB
@n8n/mcp-browser-extension:build: dist/main.css                                    222.62 kB │ gzip: 24.46 kB
@n8n/mcp-browser-extension:build: dist/assets/node-icons-ChGJCjDo.js                43.67 kB │ gzip:  8.11 kB │ map: 129.49 kB
@n8n/mcp-browser-extension:build: dist/assets/vue.runtime.esm-bundler-BtkIjKiv.js  107.00 kB │ gzip: 41.11 kB │ map: 567.15 kB
@n8n/mcp-browser-extension:build: dist/assets/main-DRTEW0IQ.js                     183.64 kB │ gzip: 46.03 kB │ map: 978.32 kB
@n8n/mcp-browser-extension:build: 
@n8n/mcp-browser-extension:build: [33m[PLUGIN_TIMINGS] Warning:[0m Your build spent significant time in plugins. Here is a breakdown:
@n8n/mcp-browser-extension:build:   - unplugin-icons (68%)
@n8n/mcp-browser-extension:build:   - svg-loader (23%)
@n8n/mcp-browser-extension:build: See https://rolldown.rs/options/checks#plugintimings for more details.
@n8n/mcp-browser-extension:build: 
@n8n/mcp-browser-extension:build: ✓ built in 8.27s
@n8n/mcp-apps:build: $ tsc -p tsconfig.build.json
@n8n/chat:build: [2K@n8n/chat:build: transforming...✓ 2273 modules transformed.
@n8n/chat:build: rendering chunks...
@n8n/chat:build: 
@n8n/chat:build: [vite:dts] Start generate declaration files...
@n8n/chat:build: [vite:dts] Declaration files built in 13063ms.
@n8n/chat:build: 
@n8n/chat:build: computing gzip size...
@n8n/chat:build: dist/chat.css                                 34.27 kB │ gzip:   6.19 kB
@n8n/chat:build: dist/node-icons-CaKBLFvs-afxUVExN.mjs         50.44 kB │ gzip:   8.46 kB
@n8n/chat:build: dist/en-Ubc0tWnj-CuuqUoj3.mjs                301.98 kB │ gzip: 102.63 kB
@n8n/chat:build: dist/lucideIconData-CKJ1do82-Dch_Jo4Y.mjs    311.99 kB │ gzip:  51.84 kB
@n8n/chat:build: dist/emojiData-zOxnhmb7-Dp92EhZC.mjs         335.32 kB │ gzip:  56.55 kB
@n8n/chat:build: dist/chat.es.js                            1,690.14 kB │ gzip: 464.20 kB
@n8n/chat:build: 
@n8n/chat:build: [33m[PLUGIN_TIMINGS] Warning:[0m Your build spent significant time in plugins. Here is a breakdown:
@n8n/chat:build:   - unplugin-icons (77%)
@n8n/chat:build:   - vite:dts (20%)
@n8n/chat:build: See https://rolldown.rs/options/checks#plugintimings for more details.
@n8n/chat:build: 
@n8n/chat:build: [2K@n8n/chat:build: transforming...✓ 2273 modules transformed.
@n8n/chat:build: rendering chunks...
@n8n/chat:build: computing gzip size...
@n8n/chat:build: dist/chat.css        34.27 kB │ gzip:   6.19 kB
@n8n/chat:build: dist/chat.umd.js  1,660.98 kB │ gzip: 518.53 kB
@n8n/chat:build: 
@n8n/chat:build: ✓ built in 17.59s
@n8n/chat:build: $ cross-env INCLUDE_VUE=true vite build
@n8n/chat:build: vite v8.0.2 building client environment for production...
@n8n/chat:build: [2K@n8n/chat:build: transforming...✓ 2276 modules transformed.
@n8n/chat:build: rendering chunks...
@n8n/chat:build: computing gzip size...
@n8n/chat:build: dist/chat.css                                 34.27 kB │ gzip:   6.19 kB
@n8n/chat:build: dist/chunk-D9YWoWiQ.mjs                        1.12 kB │ gzip:   0.60 kB
@n8n/chat:build: dist/node-icons-CaKBLFvs-CPvJ62t2.mjs         50.42 kB │ gzip:   8.46 kB
@n8n/chat:build: dist/vue.runtime.esm-bundler-DEfRSIsT.mjs    143.81 kB │ gzip:  46.48 kB
@n8n/chat:build: dist/en-Ubc0tWnj-DwG0IWfy.mjs                300.94 kB │ gzip: 102.10 kB
@n8n/chat:build: dist/lucideIconData-CKJ1do82-BHKqM1oq.mjs    311.99 kB │ gzip:  51.84 kB
@n8n/chat:build: dist/emojiData-zOxnhmb7-7-gceLrz.mjs         335.32 kB │ gzip:  56.55 kB
@n8n/chat:build: dist/chat.bundle.es.js                     1,688.25 kB │ gzip: 463.61 kB
@n8n/chat:build: 
@n8n/chat:build: [2K@n8n/chat:build: transforming...✓ 2276 modules transformed.
@n8n/chat:build: rendering chunks...
@n8n/chat:build: computing gzip size...
@n8n/chat:build: dist/chat.css               34.27 kB │ gzip:   6.19 kB
@n8n/chat:build: dist/chat.bundle.umd.js  1,678.66 kB │ gzip: 552.61 kB
@n8n/chat:build: 
@n8n/chat:build: ✓ built in 3.06s
n8n-editor-ui:build: cache miss, executing d6462f27b0822e81
n8n-editor-ui:build: $ cross-env VUE_APP_PUBLIC_PATH="/{{BASE_PATH}}/" NODE_OPTIONS="--max-old-space-size=8192" vite build
n8n-editor-ui:build: Browserslist: browsers data (caniuse-lite) is 6 months old. Please run:
n8n-editor-ui:build:   npx update-browserslist-db@latest
n8n-editor-ui:build:   Why you should do it regularly: https://github.com/browserslist/update-db#readme
n8n-editor-ui:build: vite v8.0.2 building client environment for production...
n8n-editor-ui:build: <script src="/{{BASE_PATH}}/static/base-path.js"> in "/index.html" can't be bundled without type="module" attribute
n8n-editor-ui:build: <script src="/{{BASE_PATH}}/static/posthog.init.js"> in "/index.html" can't be bundled without type="module" attribute
n8n-editor-ui:build: 
n8n-editor-ui:build: /{{BASE_PATH}}/static/prefers-color-scheme.css doesn't exist at build time, it will remain unchanged to be resolved at runtime
n8n-editor-ui:build: [plugin rolldown:vite-resolve] Module "path" has been externalized for browser compatibility, imported by "D:/CODE/N8N/n8n/packages/workflow/dist/esm/utils.js". See https://vite.dev/guide/troubleshooting.html#module-externalized-for-browser-compatibility for more details.
n8n-editor-ui:build: [plugin rolldown:vite-resolve] Module "os" has been externalized for browser compatibility, imported by "D:/CODE/N8N/n8n/node_modules/.pnpm/recast@0.22.0/node_modules/recast/lib/util.js". See https://vite.dev/guide/troubleshooting.html#module-externalized-for-browser-compatibility for more details.
n8n-editor-ui:build: [plugin rolldown:vite-resolve] Module "timers" has been externalized for browser compatibility, imported by "D:/CODE/N8N/n8n/node_modules/.pnpm/xml2js@0.6.2/node_modules/xml2js/lib/parser.js". See https://vite.dev/guide/troubleshooting.html#module-externalized-for-browser-compatibility for more details.
n8n-editor-ui:build: [plugin rolldown:vite-resolve] Module "path" has been externalized for browser compatibility, imported by "D:/CODE/N8N/n8n/packages/workflow/dist/esm/utils.js". See https://vite.dev/guide/troubleshooting.html#module-externalized-for-browser-compatibility for more details.
n8n-editor-ui:build: [plugin rolldown:vite-resolve] Module "timers" has been externalized for browser compatibility, imported by "D:/CODE/N8N/n8n/node_modules/.pnpm/xml2js@0.6.2/node_modules/xml2js/lib/parser.js". See https://vite.dev/guide/troubleshooting.html#module-externalized-for-browser-compatibility for more details.
n8n-editor-ui:build: [plugin rolldown:vite-resolve] Module "os" has been externalized for browser compatibility, imported by "D:/CODE/N8N/n8n/node_modules/.pnpm/recast@0.22.0/node_modules/recast/lib/util.js". See https://vite.dev/guide/troubleshooting.html#module-externalized-for-browser-compatibility for more details.
n8n-editor-ui:build: [plugin rolldown:vite-resolve] Module "child_process" has been externalized for browser compatibility, imported by "D:/CODE/N8N/n8n/node_modules/.pnpm/cron@4.4.0/node_modules/cron/dist/job.js". See https://vite.dev/guide/troubleshooting.html#module-externalized-for-browser-compatibility for more details.
n8n-editor-ui:build: [plugin rolldown:vite-resolve] Module "path" has been externalized for browser compatibility, imported by "D:/CODE/N8N/n8n/packages/workflow/dist/esm/utils.js". See https://vite.dev/guide/troubleshooting.html#module-externalized-for-browser-compatibility for more details.
n8n-editor-ui:build: [plugin rolldown:vite-resolve] Module "os" has been externalized for browser compatibility, imported by "D:/CODE/N8N/n8n/node_modules/.pnpm/recast@0.22.0/node_modules/recast/lib/util.js". See https://vite.dev/guide/troubleshooting.html#module-externalized-for-browser-compatibility for more details.
n8n-editor-ui:build: [plugin rolldown:vite-resolve] Module "timers" has been externalized for browser compatibility, imported by "D:/CODE/N8N/n8n/node_modules/.pnpm/xml2js@0.6.2/node_modules/xml2js/lib/parser.js". See https://vite.dev/guide/troubleshooting.html#module-externalized-for-browser-compatibility for more details.
n8n-editor-ui:build: [plugin rolldown:vite-resolve] Module "path" has been externalized for browser compatibility, imported by "D:/CODE/N8N/n8n/node_modules/.pnpm/web-tree-sitter@0.24.3/node_modules/web-tree-sitter/tree-sitter.js". See https://vite.dev/guide/troubleshooting.html#module-externalized-for-browser-compatibility for more details.
n8n-editor-ui:build: [plugin rolldown:vite-resolve] Module "fs" has been externalized for browser compatibility, imported by "D:/CODE/N8N/n8n/node_modules/.pnpm/web-tree-sitter@0.24.3/node_modules/web-tree-sitter/tree-sitter.js". See https://vite.dev/guide/troubleshooting.html#module-externalized-for-browser-compatibility for more details.
n8n-editor-ui:build: DEPRECATION WARNING [global-builtin]: Global built-in functions are deprecated and will be removed in Dart Sass 3.0.0.
n8n-editor-ui:build: Use color.mix instead.
n8n-editor-ui:build: 
n8n-editor-ui:build: More info and automated migrator: https://sass-lang.com/d/import
n8n-editor-ui:build: 
n8n-editor-ui:build:    ╷
n8n-editor-ui:build: 63 │ ┌           mix(
n8n-editor-ui:build: 64 │ │             $mix-color,
n8n-editor-ui:build: 65 │ │             map.get($colors, $type, 'base'),
n8n-editor-ui:build: 66 │ │             math.percentage(math.div($number, 10))
n8n-editor-ui:build: 67 │ │           ),
n8n-editor-ui:build:    │ └───────────^
n8n-editor-ui:build:    ╵
n8n-editor-ui:build:     ..\..\..\..\..\element-plus@2.4.3_patch_ha_ad2671a9dc4701bd91b53b83324d31e0\node_modules\element-plus\theme-chalk\src\common\var.scss 63:11   set-color-mix-level()
n8n-editor-ui:build:     ..\..\..\..\..\element-plus@2.4.3_patch_ha_ad2671a9dc4701bd91b53b83324d31e0\node_modules\element-plus\theme-chalk\src\common\var.scss 87:5    @use
n8n-editor-ui:build:     ..\..\..\..\..\element-plus@2.4.3_patch_ha_ad2671a9dc4701bd91b53b83324d31e0\node_modules\element-plus\theme-chalk\src\mixins\mixins.scss 2:1  @use
n8n-editor-ui:build:     ..\..\..\..\..\element-plus@2.4.3_patch_ha_ad2671a9dc4701bd91b53b83324d31e0\node_modules\element-plus\theme-chalk\src\slider.scss 3:1         @use
n8n-editor-ui:build:     D:\CODE\N8N\n8n\packages\frontend\@n8n\design-system\src\css\slider.scss 7:1                                                                  @use
n8n-editor-ui:build:     D:\CODE\N8N\n8n\packages\frontend\@n8n\design-system\src\css\index.scss 17:1                                                                  root stylesheet
n8n-editor-ui:build: 
n8n-editor-ui:build: DEPRECATION WARNING [global-builtin]: Global built-in functions are deprecated and will be removed in Dart Sass 3.0.0.
n8n-editor-ui:build: Use meta.inspect instead.
n8n-editor-ui:build: 
n8n-editor-ui:build: More info and automated migrator: https://sass-lang.com/d/import
n8n-editor-ui:build: 
n8n-editor-ui:build:   ╷
n8n-editor-ui:build: 5 │   $selector: inspect($selector);
n8n-editor-ui:build:   │              ^^^^^^^^^^^^^^^^^^
n8n-editor-ui:build:   ╵
n8n-editor-ui:build:     ..\..\..\..\..\element-plus@2.4.3_patch_ha_ad2671a9dc4701bd91b53b83324d31e0\node_modules\element-plus\theme-chalk\src\mixins\function.scss 5:14   selectorToString()
n8n-editor-ui:build:     ..\..\..\..\..\element-plus@2.4.3_patch_ha_ad2671a9dc4701bd91b53b83324d31e0\node_modules\element-plus\theme-chalk\src\mixins\function.scss 11:14  containsModifier()
n8n-editor-ui:build:     ..\..\..\..\..\element-plus@2.4.3_patch_ha_ad2671a9dc4701bd91b53b83324d31e0\node_modules\element-plus\theme-chalk\src\mixins\function.scss 41:11  hitAllSpecialNestRule()
n8n-editor-ui:build:     ..\..\..\..\..\element-plus@2.4.3_patch_ha_ad2671a9dc4701bd91b53b83324d31e0\node_modules\element-plus\theme-chalk\src\mixins\mixins.scss 77:7     e()
n8n-editor-ui:build:     ..\..\..\..\..\element-plus@2.4.3_patch_ha_ad2671a9dc4701bd91b53b83324d31e0\node_modules\element-plus\theme-chalk\src\slider.scss 28:3            @content
n8n-editor-ui:build:     ..\..\..\..\..\element-plus@2.4.3_patch_ha_ad2671a9dc4701bd91b53b83324d31e0\node_modules\element-plus\theme-chalk\src\mixins\mixins.scss 60:5     b()
n8n-editor-ui:build:     ..\..\..\..\..\element-plus@2.4.3_patch_ha_ad2671a9dc4701bd91b53b83324d31e0\node_modules\element-plus\theme-chalk\src\slider.scss 22:1            @use
n8n-editor-ui:build:     D:\CODE\N8N\n8n\packages\frontend\@n8n\design-system\src\css\slider.scss 7:1                                                                      @use
n8n-editor-ui:build:     D:\CODE\N8N\n8n\packages\frontend\@n8n\design-system\src\css\index.scss 17:1                                                                      root stylesheet
n8n-editor-ui:build: 
n8n-editor-ui:build: DEPRECATION WARNING [global-builtin]: Global built-in functions are deprecated and will be removed in Dart Sass 3.0.0.
n8n-editor-ui:build: Use string.slice instead.
n8n-editor-ui:build: 
n8n-editor-ui:build: More info and automated migrator: https://sass-lang.com/d/import
n8n-editor-ui:build: 
n8n-editor-ui:build:   ╷
n8n-editor-ui:build: 6 │   $selector: str-slice($selector, 2, -2);
n8n-editor-ui:build:   │              ^^^^^^^^^^^^^^^^^^^^^^^^^^^
n8n-editor-ui:build:   ╵
n8n-editor-ui:build:     ..\..\..\..\..\element-plus@2.4.3_patch_ha_ad2671a9dc4701bd91b53b83324d31e0\node_modules\element-plus\theme-chalk\src\mixins\function.scss 6:14   selectorToString()
n8n-editor-ui:build:     ..\..\..\..\..\element-plus@2.4.3_patch_ha_ad2671a9dc4701bd91b53b83324d31e0\node_modules\element-plus\theme-chalk\src\mixins\function.scss 11:14  containsModifier()
n8n-editor-ui:build:     ..\..\..\..\..\element-plus@2.4.3_patch_ha_ad2671a9dc4701bd91b53b83324d31e0\node_modules\element-plus\theme-chalk\src\mixins\function.scss 41:11  hitAllSpecialNestRule()
n8n-editor-ui:build:     ..\..\..\..\..\element-plus@2.4.3_patch_ha_ad2671a9dc4701bd91b53b83324d31e0\node_modules\element-plus\theme-chalk\src\mixins\mixins.scss 77:7     e()
n8n-editor-ui:build:     ..\..\..\..\..\element-plus@2.4.3_patch_ha_ad2671a9dc4701bd91b53b83324d31e0\node_modules\element-plus\theme-chalk\src\slider.scss 28:3            @content
n8n-editor-ui:build:     ..\..\..\..\..\element-plus@2.4.3_patch_ha_ad2671a9dc4701bd91b53b83324d31e0\node_modules\element-plus\theme-chalk\src\mixins\mixins.scss 60:5     b()
n8n-editor-ui:build:     ..\..\..\..\..\element-plus@2.4.3_patch_ha_ad2671a9dc4701bd91b53b83324d31e0\node_modules\element-plus\theme-chalk\src\slider.scss 22:1            @use
n8n-editor-ui:build:     D:\CODE\N8N\n8n\packages\frontend\@n8n\design-system\src\css\slider.scss 7:1                                                                      @use
n8n-editor-ui:build:     D:\CODE\N8N\n8n\packages\frontend\@n8n\design-system\src\css\index.scss 17:1                                                                      root stylesheet
n8n-editor-ui:build: 
n8n-editor-ui:build: DEPRECATION WARNING [global-builtin]: Global built-in functions are deprecated and will be removed in Dart Sass 3.0.0.
n8n-editor-ui:build: Use string.index instead.
n8n-editor-ui:build: 
n8n-editor-ui:build: More info and automated migrator: https://sass-lang.com/d/import
n8n-editor-ui:build: 
n8n-editor-ui:build:    ╷
n8n-editor-ui:build: 13 │   @if str-index($selector, config.$modifier-separator) {
n8n-editor-ui:build:    │       ^^^^^^^^^^^^^^^^^^^^^^^^^^^^^^^^^^^^^^^^^^^^^^^^
n8n-editor-ui:build:    ╵
n8n-editor-ui:build:     ..\..\..\..\..\element-plus@2.4.3_patch_ha_ad2671a9dc4701bd91b53b83324d31e0\node_modules\element-plus\theme-chalk\src\mixins\function.scss 13:7   containsModifier()
n8n-editor-ui:build:     ..\..\..\..\..\element-plus@2.4.3_patch_ha_ad2671a9dc4701bd91b53b83324d31e0\node_modules\element-plus\theme-chalk\src\mixins\function.scss 41:11  hitAllSpecialNestRule()
n8n-editor-ui:build:     ..\..\..\..\..\element-plus@2.4.3_patch_ha_ad2671a9dc4701bd91b53b83324d31e0\node_modules\element-plus\theme-chalk\src\mixins\mixins.scss 77:7     e()
n8n-editor-ui:build:     ..\..\..\..\..\element-plus@2.4.3_patch_ha_ad2671a9dc4701bd91b53b83324d31e0\node_modules\element-plus\theme-chalk\src\slider.scss 28:3            @content
n8n-editor-ui:build:     ..\..\..\..\..\element-plus@2.4.3_patch_ha_ad2671a9dc4701bd91b53b83324d31e0\node_modules\element-plus\theme-chalk\src\mixins\mixins.scss 60:5     b()
n8n-editor-ui:build:     ..\..\..\..\..\element-plus@2.4.3_patch_ha_ad2671a9dc4701bd91b53b83324d31e0\node_modules\element-plus\theme-chalk\src\slider.scss 22:1            @use
n8n-editor-ui:build:     D:\CODE\N8N\n8n\packages\frontend\@n8n\design-system\src\css\slider.scss 7:1                                                                      @use
n8n-editor-ui:build:     D:\CODE\N8N\n8n\packages\frontend\@n8n\design-system\src\css\index.scss 17:1                                                                      root stylesheet
n8n-editor-ui:build: 
n8n-editor-ui:build: DEPRECATION WARNING [global-builtin]: Global built-in functions are deprecated and will be removed in Dart Sass 3.0.0.
n8n-editor-ui:build: Use string.index instead.
n8n-editor-ui:build: 
n8n-editor-ui:build: More info and automated migrator: https://sass-lang.com/d/import
n8n-editor-ui:build: 
n8n-editor-ui:build:    ╷
n8n-editor-ui:build: 23 │   @if str-index($selector, '.' + config.$state-prefix) {
n8n-editor-ui:build:    │       ^^^^^^^^^^^^^^^^^^^^^^^^^^^^^^^^^^^^^^^^^^^^^^^^
n8n-editor-ui:build:    ╵
n8n-editor-ui:build:     ..\..\..\..\..\element-plus@2.4.3_patch_ha_ad2671a9dc4701bd91b53b83324d31e0\node_modules\element-plus\theme-chalk\src\mixins\function.scss 23:7   containWhenFlag()
n8n-editor-ui:build:     ..\..\..\..\..\element-plus@2.4.3_patch_ha_ad2671a9dc4701bd91b53b83324d31e0\node_modules\element-plus\theme-chalk\src\mixins\function.scss 41:42  hitAllSpecialNestRule()
n8n-editor-ui:build:     ..\..\..\..\..\element-plus@2.4.3_patch_ha_ad2671a9dc4701bd91b53b83324d31e0\node_modules\element-plus\theme-chalk\src\mixins\mixins.scss 77:7     e()
n8n-editor-ui:build:     ..\..\..\..\..\element-plus@2.4.3_patch_ha_ad2671a9dc4701bd91b53b83324d31e0\node_modules\element-plus\theme-chalk\src\slider.scss 28:3            @content
n8n-editor-ui:build:     ..\..\..\..\..\element-plus@2.4.3_patch_ha_ad2671a9dc4701bd91b53b83324d31e0\node_modules\element-plus\theme-chalk\src\mixins\mixins.scss 60:5     b()
n8n-editor-ui:build:     ..\..\..\..\..\element-plus@2.4.3_patch_ha_ad2671a9dc4701bd91b53b83324d31e0\node_modules\element-plus\theme-chalk\src\slider.scss 22:1            @use
n8n-editor-ui:build:     D:\CODE\N8N\n8n\packages\frontend\@n8n\design-system\src\css\slider.scss 7:1                                                                      @use
n8n-editor-ui:build:     D:\CODE\N8N\n8n\packages\frontend\@n8n\design-system\src\css\index.scss 17:1                                                                      root stylesheet
n8n-editor-ui:build: 
n8n-editor-ui:build: WARNING: 1 repetitive deprecation warnings omitted.
n8n-editor-ui:build: Run in verbose mode to see all warnings.
n8n-editor-ui:build: 
n8n-nodes-base:build: Generated node definitions for 421 nodes in D:\CODE\N8N\n8n\packages\nodes-base\dist\node-definitions
@n8n/node-engine-compatibility:build: cache hit, replaying logs 4e68e4ca92ac8e27
@n8n/node-engine-compatibility:build: $ tsc -p tsconfig.build.json
@n8n/n8n-nodes-langchain:build: cache hit, replaying logs 3868a004d0707bfb
@n8n/n8n-nodes-langchain:build: $ tsc --build tsconfig.build.json && pnpm copy-nodes-json && tsc-alias -p tsconfig.build.json && pnpm n8n-copy-static-files && pnpm n8n-generate-metadata && pnpm n8n-generate-node-defs
@n8n/n8n-nodes-langchain:build: $ node ../../nodes-base/scripts/copy-nodes-json.js .
@n8n/n8n-nodes-langchain:build: Node definitions up to date (hash match), skipping generation.
n8n-editor-ui:build: [2Kn8n-editor-ui:build: transforming...✓ 9447 modules transformed.
n8n-editor-ui:build: rendering chunks...
n8n-editor-ui:build: [vite-plugin-static-copy] Copied 4 items.
n8n-editor-ui:build: computing gzip size...
n8n-editor-ui:build: dist/assets/safeRegex.worker-CUgnGUYO.js                                 0.90 kB
n8n-editor-ui:build: dist/assets/KaTeX_Size3-Regular-CTq5MqoE.woff                            4.42 kB
n8n-editor-ui:build: dist/assets/KaTeX_Size4-Regular-Dl5lxZxV.woff2                           4.92 kB
n8n-editor-ui:build: dist/assets/KaTeX_Size2-Regular-Dy4dx90m.woff2                           5.20 kB
n8n-editor-ui:build: dist/assets/KaTeX_Size1-Regular-mCD8mA8B.woff2                           5.46 kB
n8n-editor-ui:build: dist/assets/KaTeX_Size4-Regular-BF-4gkZK.woff                            5.98 kB
n8n-editor-ui:build: dist/assets/KaTeX_Size2-Regular-oD1tc_U0.woff                            6.18 kB
n8n-editor-ui:build: dist/assets/KaTeX_Size1-Regular-C195tn64.woff                            6.49 kB
n8n-editor-ui:build: dist/assets/KaTeX_Caligraphic-Regular-Di6jR-x-.woff2                     6.90 kB
n8n-editor-ui:build: dist/assets/KaTeX_Caligraphic-Bold-Dq_IR9rO.woff2                        6.91 kB
n8n-editor-ui:build: dist/assets/KaTeX_Size3-Regular-DgpXs0kz.ttf                             7.58 kB
n8n-editor-ui:build: dist/assets/KaTeX_Caligraphic-Regular-CTRA-rTL.woff                      7.65 kB
n8n-editor-ui:build: dist/assets/KaTeX_Caligraphic-Bold-BEiXGLvX.woff                         7.71 kB
n8n-editor-ui:build: dist/assets/KaTeX_Script-Regular-D3wIWfF6.woff2                          9.64 kB
n8n-editor-ui:build: dist/assets/KaTeX_SansSerif-Regular-DDBCnlJ7.woff2                      10.34 kB
n8n-editor-ui:build: dist/assets/KaTeX_Size4-Regular-DWFBv043.ttf                            10.36 kB
n8n-editor-ui:build: dist/assets/KaTeX_Script-Regular-D5yQViql.woff                          10.58 kB
n8n-editor-ui:build: dist/assets/KaTeX_Fraktur-Regular-CTYiF6lA.woff2                        11.31 kB
n8n-editor-ui:build: dist/assets/KaTeX_Fraktur-Bold-CL6g_b3V.woff2                           11.34 kB
n8n-editor-ui:build: dist/assets/KaTeX_Size2-Regular-B7gKUWhC.ttf                            11.50 kB
n8n-editor-ui:build: dist/assets/KaTeX_SansSerif-Italic-C3H0VqGB.woff2                       12.02 kB
n8n-editor-ui:build: dist/assets/KaTeX_SansSerif-Bold-D1sUS0GD.woff2                         12.21 kB
n8n-editor-ui:build: dist/assets/KaTeX_Size1-Regular-Dbsnue_I.ttf                            12.22 kB
n8n-editor-ui:build: dist/assets/KaTeX_SansSerif-Regular-CS6fqUqJ.woff                       12.31 kB
n8n-editor-ui:build: dist/assets/KaTeX_Caligraphic-Regular-wX97UBjC.ttf                      12.34 kB
n8n-editor-ui:build: dist/assets/KaTeX_Caligraphic-Bold-ATXxdsX0.ttf                         12.36 kB
n8n-editor-ui:build: dist/assets/KaTeX_Fraktur-Regular-Dxdc4cR9.woff                         13.20 kB
n8n-editor-ui:build: dist/assets/KaTeX_Fraktur-Bold-BsDP51OF.woff                            13.29 kB
n8n-editor-ui:build: dist/assets/KaTeX_Typewriter-Regular-CO6r4hn1.woff2                     13.56 kB
n8n-editor-ui:build: dist/assets/KaTeX_SansSerif-Italic-DN2j7dab.woff                        14.11 kB
n8n-editor-ui:build: dist/assets/KaTeX_SansSerif-Bold-DbIhKOiC.woff                          14.40 kB
n8n-editor-ui:build: dist/assets/KaTeX_Typewriter-Regular-C0xS9mPB.woff                      16.02 kB
n8n-editor-ui:build: dist/assets/KaTeX_Math-BoldItalic-CZnvNsCZ.woff2                        16.40 kB
n8n-editor-ui:build: dist/assets/KaTeX_Math-Italic-t53AETM-.woff2                            16.44 kB
n8n-editor-ui:build: dist/assets/KaTeX_Script-Regular-C5JkGWo-.ttf                           16.64 kB
n8n-editor-ui:build: dist/assets/KaTeX_Main-BoldItalic-DxDJ3AOS.woff2                        16.78 kB
n8n-editor-ui:build: dist/assets/KaTeX_Main-Italic-NWA7e6Wa.woff2                            16.98 kB
n8n-editor-ui:build: dist/assets/worker-BAe5BeIp.js                                          18.43 kB
n8n-editor-ui:build: dist/assets/KaTeX_Math-BoldItalic-iY-2wyZ7.woff                         18.66 kB
n8n-editor-ui:build: dist/assets/KaTeX_Math-Italic-DA0__PXp.woff                             18.74 kB
n8n-editor-ui:build: dist/assets/KaTeX_Main-BoldItalic-SpSLRI95.woff                         19.41 kB
n8n-editor-ui:build: dist/assets/KaTeX_SansSerif-Regular-BNo7hRIc.ttf                        19.43 kB
n8n-editor-ui:build: dist/assets/KaTeX_Fraktur-Regular-CB_wures.ttf                          19.57 kB
n8n-editor-ui:build: dist/assets/KaTeX_Fraktur-Bold-BdnERNNW.ttf                             19.58 kB
n8n-editor-ui:build: dist/assets/KaTeX_Main-Italic-BMLOBm91.woff                             19.67 kB
n8n-editor-ui:build: dist/assets/KaTeX_SansSerif-Italic-YYjJ1zSn.ttf                         22.36 kB
n8n-editor-ui:build: dist/assets/KaTeX_SansSerif-Bold-CFMepnvq.ttf                           24.50 kB
n8n-editor-ui:build: dist/assets/KaTeX_Main-Bold-Cx986IdX.woff2                              25.32 kB
n8n-editor-ui:build: dist/assets/KaTeX_Main-Regular-B22Nviop.woff2                           26.27 kB
n8n-editor-ui:build: dist/assets/KaTeX_Typewriter-Regular-D3Ib7_Hf.ttf                       27.55 kB
n8n-editor-ui:build: dist/assets/KaTeX_AMS-Regular-BQhdFMY1.woff2                            28.07 kB
n8n-editor-ui:build: dist/assets/element-icons-B-tDfklg.woff                                 28.20 kB
n8n-editor-ui:build: dist/assets/KaTeX_Main-Bold-Jm3AIy58.woff                               29.91 kB
n8n-editor-ui:build: dist/assets/KaTeX_Main-Regular-Dr94JaBh.woff                            30.77 kB
n8n-editor-ui:build: dist/assets/KaTeX_Math-BoldItalic-B3XSjfu4.ttf                          31.19 kB
n8n-editor-ui:build: dist/assets/KaTeX_Math-Italic-flOr_0UB.ttf                              31.30 kB
n8n-editor-ui:build: dist/assets/KaTeX_Main-BoldItalic-DzxPMmG6.ttf                          32.96 kB
n8n-editor-ui:build: dist/assets/KaTeX_AMS-Regular-DMm9YOAa.woff                             33.51 kB
n8n-editor-ui:build: dist/assets/KaTeX_Main-Italic-3WenGoN9.ttf                              33.58 kB
n8n-editor-ui:build: dist/assets/KaTeX_Main-Bold-waoOVXN0.ttf                                51.33 kB
n8n-editor-ui:build: dist/index.html                                                         52.44 kB │ gzip:   6.87 kB
n8n-editor-ui:build: dist/assets/KaTeX_Main-Regular-ypZvNtVU.ttf                             53.58 kB
n8n-editor-ui:build: dist/assets/element-icons-_lZGOqcG.ttf                                  55.95 kB
n8n-editor-ui:build: dist/assets/KaTeX_AMS-Regular-DRggAlZN.ttf                              63.63 kB
n8n-editor-ui:build: dist/assets/CommitMonoVariable-ytizKI8U.woff2                           86.76 kB
n8n-editor-ui:build: dist/assets/doppler-B__k0MeW.webp                                      315.06 kB
n8n-editor-ui:build: dist/assets/InterVariable-DiVDrmQJ.woff2                               352.24 kB
n8n-editor-ui:build: dist/assets/InterVariable-Italic-FCBEiFp6.woff2                        387.97 kB
n8n-editor-ui:build: dist/assets/wa-sqlite-DDTbX34h.wasm                                    596.88 kB │ gzip: 295.39 kB
n8n-editor-ui:build: dist/assets/worker-KM9cVK4i.js                                       3,206.96 kB
n8n-editor-ui:build: dist/assets/typescript.worker-v70Df23z.js                           10,878.69 kB
n8n-editor-ui:build: dist/assets/ConnectionTracker-B3fMJWJS.css                               0.19 kB │ gzip:   0.13 kB
n8n-editor-ui:build: dist/assets/EntityNotFound-uvRspXsc.css                                  0.19 kB │ gzip:   0.16 kB
n8n-editor-ui:build: dist/assets/EntityUnAuthorised-DM76VZ6Z.css                              0.20 kB │ gzip:   0.16 kB
n8n-editor-ui:build: dist/assets/DialogFooter-CDIRaltC.css                                    0.26 kB │ gzip:   0.16 kB
n8n-editor-ui:build: dist/assets/SeverityTag-uXVRN4G8.css                                     0.27 kB │ gzip:   0.16 kB
n8n-editor-ui:build: dist/assets/AnimatedSpinner-BS7_GTqD.css                                 0.58 kB │ gzip:   0.19 kB
n8n-editor-ui:build: dist/assets/useRoleEditorForm-DKF9lYr8.css                               0.60 kB │ gzip:   0.31 kB
n8n-editor-ui:build: dist/assets/NDVEmptyState-BiIyy-gK.css                                   0.60 kB │ gzip:   0.30 kB
n8n-editor-ui:build: dist/assets/MigrationRuleDetail-DnE3WxTj.css                             0.65 kB │ gzip:   0.40 kB
n8n-editor-ui:build: dist/assets/MigrationRules-BWOh5BUb.css                                  0.70 kB │ gzip:   0.33 kB
n8n-editor-ui:build: dist/assets/ResolversView-A7AM3aop.css                                   1.06 kB │ gzip:   0.44 kB
n8n-editor-ui:build: dist/assets/AgentView-R0uFc8RF.css                                       1.10 kB │ gzip:   0.46 kB
n8n-editor-ui:build: dist/assets/AgentTaskModal-DSeLEcnq.css                                  1.27 kB │ gzip:   0.48 kB
n8n-editor-ui:build: dist/assets/Checkbox-DeY0IkWi.css                                        1.88 kB │ gzip:   0.62 kB
n8n-editor-ui:build: dist/assets/ProjectRoleView-BHigT0ou.css                                 1.90 kB │ gzip:   0.69 kB
n8n-editor-ui:build: dist/assets/SettingsSecretsProviders-TnvabRTz.css                        2.56 kB │ gzip:   0.86 kB
n8n-editor-ui:build: dist/assets/RolesView-BDj1V51c.css                                       2.70 kB │ gzip:   0.79 kB
n8n-editor-ui:build: dist/assets/SecuritySettings-UTHtkTo1.css                                2.95 kB │ gzip:   0.47 kB
n8n-editor-ui:build: dist/assets/Switch-BJlk0NfZ.css                                          4.33 kB │ gzip:   1.16 kB
n8n-editor-ui:build: dist/assets/Select-CDDWtnAw.css                                          4.77 kB │ gzip:   1.27 kB
n8n-editor-ui:build: dist/assets/DateRangePicker-CKVUSmIU.css                                 7.90 kB │ gzip:   1.55 kB
n8n-editor-ui:build: dist/assets/RunDataHtml-D54zvnKa.css                                     8.13 kB │ gzip:   1.44 kB
n8n-editor-ui:build: dist/assets/BrowserUseSetupModal-BOW31swk.css                            8.24 kB │ gzip:   1.47 kB
n8n-editor-ui:build: dist/assets/ComputerUseSetupModal-CRvGKzEB.css                           8.24 kB │ gzip:   1.47 kB
n8n-editor-ui:build: dist/assets/ConfirmPasswordModal-CgZPE0yK.css                            8.39 kB │ gzip:   1.45 kB
n8n-editor-ui:build: dist/assets/PromptMfaCodeModal-DqXIRlbs.css                              8.39 kB │ gzip:   1.46 kB
n8n-editor-ui:build: dist/assets/CredentialIcon-C4grmwxF.css                                  8.40 kB │ gzip:   1.45 kB
n8n-editor-ui:build: dist/assets/PrivateCredentialIcon-Djt1dVnh.css                           8.42 kB │ gzip:   1.47 kB
n8n-editor-ui:build: dist/assets/ExposeAllWorkflowsToMcpModal-BMVnl-2M.css                    8.42 kB │ gzip:   1.47 kB
n8n-editor-ui:build: dist/assets/CopyButton-Df0vp-zk.css                                      8.43 kB │ gzip:   1.47 kB
n8n-editor-ui:build: dist/assets/NodeIcon-C_xNACDG.css                                        8.46 kB │ gzip:   1.49 kB
n8n-editor-ui:build: dist/assets/TextWithHighlights-BcOufOs5.css                              8.47 kB │ gzip:   1.49 kB
n8n-editor-ui:build: dist/assets/RunDataJsonActions-CBGHqJ85.css                              8.49 kB │ gzip:   1.50 kB
n8n-editor-ui:build: dist/assets/ChatLayout-CyGWY9Ae.css                                      8.50 kB │ gzip:   1.51 kB
n8n-editor-ui:build: dist/assets/useLatestFetch-BmmyujEQ.css                                  8.51 kB │ gzip:   1.51 kB
n8n-editor-ui:build: dist/assets/SettingsRmWorkflowView-DCZvRtTa.css                          8.51 kB │ gzip:   1.50 kB
n8n-editor-ui:build: dist/assets/useWorkflowsEmptyState-DVpY2Uht.css                          8.52 kB │ gzip:   1.52 kB
n8n-editor-ui:build: dist/assets/InsightsPaywall-CFdfkVhR.css                                 8.55 kB │ gzip:   1.54 kB
n8n-editor-ui:build: dist/assets/ContactAdministratorToInstall-DVoed5n3.css                   8.56 kB │ gzip:   1.53 kB
n8n-editor-ui:build: dist/assets/Draggable-WeIHOLmR.css                                       8.56 kB │ gzip:   1.53 kB
n8n-editor-ui:build: dist/assets/DemoDiffView-Cf61kfri.css                                    8.57 kB │ gzip:   1.53 kB
n8n-editor-ui:build: dist/assets/useCredentialResolvers-DEViw1w8.css                          8.58 kB │ gzip:   1.53 kB
n8n-editor-ui:build: dist/assets/ExternalSecretsProviderConnectionSwitch-C-aMLVET.css         8.59 kB │ gzip:   1.53 kB
n8n-editor-ui:build: dist/assets/CredentialPicker-DFSCPErG.css                                8.60 kB │ gzip:   1.54 kB
n8n-editor-ui:build: dist/assets/DeleteInstanceRoleModal-Y_4y8bD0.css                         8.61 kB │ gzip:   1.51 kB
n8n-editor-ui:build: dist/assets/WorkflowPreviewHost-CrFhvTMf.css                             8.61 kB │ gzip:   1.54 kB
n8n-editor-ui:build: dist/assets/AgentJsonImportModal-618OGw94.css                            8.61 kB │ gzip:   1.51 kB
n8n-editor-ui:build: dist/assets/AgentConfirmationModal-t-UhxgKr.css                          8.63 kB │ gzip:   1.54 kB
n8n-editor-ui:build: dist/assets/KeyboardShortcutTooltip-B_DTewwj.css                         8.65 kB │ gzip:   1.56 kB
n8n-editor-ui:build: dist/assets/LoadingView-CETj9_dx.css                                     8.68 kB │ gzip:   1.57 kB
n8n-editor-ui:build: dist/assets/ModelByIdSelectorModal-D8Z38JT4.css                          8.71 kB │ gzip:   1.58 kB
n8n-editor-ui:build: dist/assets/ErrorView-C7nPW4zj.css                                       8.77 kB │ gzip:   1.58 kB
n8n-editor-ui:build: dist/assets/NodeToolSettingsContent-Dopnxwg3.css                         8.79 kB │ gzip:   1.59 kB
n8n-editor-ui:build: dist/assets/SettingsExternalSecrets-CQkc1VdO.css                         8.80 kB │ gzip:   1.58 kB
n8n-editor-ui:build: dist/assets/SelectedItemsInfo-NHB7qtjF.css                               8.81 kB │ gzip:   1.60 kB
n8n-editor-ui:build: dist/assets/WorkflowExecutionsLandingPage-DBXhh5u8.css                   8.82 kB │ gzip:   1.58 kB
n8n-editor-ui:build: dist/assets/PageViewLayout-C5qhBPk_.css                                  8.83 kB │ gzip:   1.62 kB
n8n-editor-ui:build: dist/assets/SetupWorkflowFromTemplateView-DFRH6_o7.css                   8.94 kB │ gzip:   1.65 kB
n8n-editor-ui:build: dist/assets/ResourceFiltersDropdown-Bads2QBn.css                         9.01 kB │ gzip:   1.70 kB
n8n-editor-ui:build: dist/assets/SigninView-CfcpGub3.css                                      9.01 kB │ gzip:   1.68 kB
n8n-editor-ui:build: dist/assets/CredentialSelectorModal-B1Jg9n3b.css                         9.03 kB │ gzip:   1.65 kB
n8n-editor-ui:build: dist/assets/ToolSettingsModal-BO6D6tVE.css                               9.06 kB │ gzip:   1.70 kB
n8n-editor-ui:build: dist/assets/ChatPersonalAgentsView-D3bwovIW.css                          9.07 kB │ gzip:   1.66 kB
n8n-editor-ui:build: dist/assets/ProviderSettingsModal-BwH1F-LU.css                           9.11 kB │ gzip:   1.63 kB
n8n-editor-ui:build: dist/assets/RunDataSearch-CY-tiPCr.css                                   9.12 kB │ gzip:   1.63 kB
n8n-editor-ui:build: dist/assets/WorkflowExecutionsInfoAccordion-C_qgYcOa.css                 9.16 kB │ gzip:   1.70 kB
n8n-editor-ui:build: dist/assets/WorkflowLocation-C4cINJP7.css                                9.17 kB │ gzip:   1.69 kB
n8n-editor-ui:build: dist/assets/SettingsLdapView-DkixKZyb.css                                9.20 kB │ gzip:   1.70 kB
n8n-editor-ui:build: dist/assets/InsightsTableWorkflows-DIki8ucg.css                          9.22 kB │ gzip:   1.71 kB
n8n-editor-ui:build: dist/assets/useTelemetryContext-CeLl1-lo.css                             9.22 kB │ gzip:   1.69 kB
n8n-editor-ui:build: dist/assets/ProjectBreadcrumb-BsOr10Zl.css                               9.24 kB │ gzip:   1.71 kB
n8n-editor-ui:build: dist/assets/ChatWorkflowAgentsView-aI-t1dtR.css                          9.25 kB │ gzip:   1.72 kB
n8n-editor-ui:build: dist/assets/SettingsInstanceAiView-DFPP1PL2.css                          9.26 kB │ gzip:   1.73 kB
n8n-editor-ui:build: dist/assets/ChatAgentAvatar-BGMF9uPV.css                                 9.27 kB │ gzip:   1.69 kB
n8n-editor-ui:build: dist/assets/SettingsAIView-DdN2xQ81.css                                  9.30 kB │ gzip:   1.67 kB
n8n-editor-ui:build: dist/assets/ProjectCardBadge-5nhsnHGu.css                                9.33 kB │ gzip:   1.73 kB
n8n-editor-ui:build: dist/assets/ProjectIcon-BFiVSA8e.css                                     9.34 kB │ gzip:   1.68 kB
n8n-editor-ui:build: dist/assets/CredentialsDropdown-pzL47MO8.css                             9.35 kB │ gzip:   1.77 kB
n8n-editor-ui:build: dist/assets/useLogsTreeExpand-CHxTblkB.css                               9.37 kB │ gzip:   1.70 kB
n8n-editor-ui:build: dist/assets/AgentCredentialSelect-Z9BVvV__.css                           9.41 kB │ gzip:   1.60 kB
n8n-editor-ui:build: dist/assets/InstanceRoleView-4LxlWt88.css                                9.43 kB │ gzip:   1.89 kB
n8n-editor-ui:build: dist/assets/DataTableView-cJ6tGuPK.css                                   9.43 kB │ gzip:   1.82 kB
n8n-editor-ui:build: dist/assets/SettingsPersonalView-BenB7lF7.css                            9.45 kB │ gzip:   1.83 kB
n8n-editor-ui:build: dist/assets/ChatFile--8dy1QuP.css                                        9.52 kB │ gzip:   1.81 kB
n8n-editor-ui:build: dist/assets/BaseLayout-BPTvqVuL.css                                      9.57 kB │ gzip:   1.82 kB
n8n-editor-ui:build: dist/assets/AgentPersonalisationIcon-BOOARh8n.css                        9.62 kB │ gzip:   1.85 kB
n8n-editor-ui:build: dist/assets/InstanceAiToolsConnectionModalWrapper-Bhm9cAfv.css           9.63 kB │ gzip:   1.88 kB
n8n-editor-ui:build: dist/assets/AgentVectorStoresModal-DLgxhPhA.css                          9.65 kB │ gzip:   1.81 kB
n8n-editor-ui:build: dist/assets/CopyInput-C_IQpNkh.css                                       9.68 kB │ gzip:   1.87 kB
n8n-editor-ui:build: dist/assets/RunDataParsedAiContent-DtSYPOwE.css                          9.79 kB │ gzip:   1.73 kB
n8n-editor-ui:build: dist/assets/SettingsAiGatewayView-Co3yw7da.css                           9.88 kB │ gzip:   1.88 kB
n8n-editor-ui:build: dist/assets/AgentSubAgentsModal-qIEJx3sd.css                             9.93 kB │ gzip:   1.87 kB
n8n-editor-ui:build: dist/assets/AgentsListView-CgvgU0ee.css                                 10.10 kB │ gzip:   1.91 kB
n8n-editor-ui:build: dist/assets/MfaSetupModal-DigywPG-.css                                  10.21 kB │ gzip:   1.95 kB
n8n-editor-ui:build: dist/assets/SettingsEncryptionKeys-DTaq-tQb.css                         10.22 kB │ gzip:   1.97 kB
n8n-editor-ui:build: dist/assets/TagsDropdown-Bq96NYXI.css                                   10.55 kB │ gzip:   2.06 kB
n8n-editor-ui:build: dist/assets/InsightsDashboard-D0d8qARy.css                              11.33 kB │ gzip:   2.36 kB
n8n-editor-ui:build: dist/assets/agentSkill-Cds_vfVD.css                                     11.40 kB │ gzip:   2.19 kB
n8n-editor-ui:build: dist/assets/InsightsSummary-C6u_PCLt.css                                12.00 kB │ gzip:   2.29 kB
n8n-editor-ui:build: dist/assets/ComputerUseSetupContent-ORpzCcGj.css                        12.23 kB │ gzip:   2.30 kB
n8n-editor-ui:build: dist/assets/ScopesSelector-CBsFexRi.css                                 12.46 kB │ gzip:   2.51 kB
n8n-editor-ui:build: dist/assets/AddDataTableModal-CHAp3oHO.css                              12.72 kB │ gzip:   2.40 kB
n8n-editor-ui:build: dist/assets/TrialIntroModal-d5ItKsKG.css                                13.50 kB │ gzip:   2.55 kB
n8n-editor-ui:build: dist/assets/OAuthConsentView-Iydwb9E8.css                               14.31 kB │ gzip:   3.28 kB
n8n-editor-ui:build: dist/assets/RMWidgetStoreModal-DZVxMrFm.css                             14.39 kB │ gzip:   2.64 kB
n8n-editor-ui:build: dist/assets/RedactedDataState-BDPngi8-.css                              16.78 kB │ gzip:   1.82 kB
n8n-editor-ui:build: dist/assets/VirtualSchema-BcXuG-qj.css                                  16.87 kB │ gzip:   3.34 kB
n8n-editor-ui:build: dist/assets/WorkflowVersionForm-S9zmT17P.css                            16.90 kB │ gzip:   1.78 kB
n8n-editor-ui:build: dist/assets/banners-p7kZcXY4.css                                        17.13 kB │ gzip:   1.83 kB
n8n-editor-ui:build: dist/assets/DependencyPill-Dtf39nQh.css                                 17.19 kB │ gzip:   1.93 kB
n8n-editor-ui:build: dist/assets/CommunityNodeUpdateInfo-DdBa2r22.css                        17.27 kB │ gzip:   1.89 kB
n8n-editor-ui:build: dist/assets/GitConnectionsView-BBy18rL4.css                             17.28 kB │ gzip:   1.85 kB
n8n-editor-ui:build: dist/assets/MCPConnectWorkflowsModal-DckUVg1E.css                       17.36 kB │ gzip:   1.91 kB
n8n-editor-ui:build: dist/assets/Modal-Brky8jHZ.css                                          17.43 kB │ gzip:   2.07 kB
n8n-editor-ui:build: dist/assets/MCPConnectAgentsModal-C9ZqJck1.css                          17.66 kB │ gzip:   2.01 kB
n8n-editor-ui:build: dist/assets/SettingsLayout-3w-6JeAd.css                                 17.66 kB │ gzip:   1.98 kB
n8n-editor-ui:build: dist/assets/NodeCreation-puCaVms-.css                                   17.69 kB │ gzip:   2.11 kB
n8n-editor-ui:build: dist/assets/TemplatesView-Btpc1BK4.css                                  17.69 kB │ gzip:   1.99 kB
n8n-editor-ui:build: dist/assets/SettingsLogStreamingView-B-JQTlsl.css                       17.71 kB │ gzip:   2.05 kB
n8n-editor-ui:build: dist/assets/ToolsSelector-mIYuwXpJ.css                                  17.79 kB │ gzip:   2.14 kB
n8n-editor-ui:build: dist/assets/BrowserUseSetupContent-H0G_uV5A.css                         17.86 kB │ gzip:   2.03 kB
n8n-editor-ui:build: dist/assets/CredentialsView-DULbmiSz.css                                17.91 kB │ gzip:   2.09 kB
n8n-editor-ui:build: dist/assets/ProjectSharing-kfEVR9hm.css                                 17.97 kB │ gzip:   2.05 kB
n8n-editor-ui:build: dist/assets/DataTableActions-Dz9qe7Oz.css                               18.01 kB │ gzip:   2.05 kB
n8n-editor-ui:build: dist/assets/DataTableDetailsView-DvUDzFlW.css                           18.02 kB │ gzip:   2.05 kB
n8n-editor-ui:build: dist/assets/SettingsCommunityNodesView-pjMY5Xb1.css                     18.18 kB │ gzip:   2.12 kB
n8n-editor-ui:build: dist/assets/SettingsMCPAgentsView-BRyXjq4S.css                          18.24 kB │ gzip:   2.22 kB
n8n-editor-ui:build: dist/assets/ProjectHeader-Bp1_bg6s.css                                  18.38 kB │ gzip:   2.22 kB
n8n-editor-ui:build: dist/assets/AttachmentPreview-DPNwr9MR.css                              18.69 kB │ gzip:   2.35 kB
n8n-editor-ui:build: dist/assets/RunDataJson-DNJpMHtT.css                                    18.71 kB │ gzip:   2.25 kB
n8n-editor-ui:build: dist/assets/SettingsMCPWorkflowsView-DW56y379.css                       18.78 kB │ gzip:   2.38 kB
n8n-editor-ui:build: dist/assets/McpEmptyStateCard-DbDBVuxP.css                              18.88 kB │ gzip:   2.35 kB
n8n-editor-ui:build: dist/assets/ToolsManagerModal-BTvh4fE4.css                              19.27 kB │ gzip:   2.31 kB
n8n-editor-ui:build: dist/assets/AgentSessionTimelineView-QrH7RXdv.css                       19.47 kB │ gzip:   2.40 kB
n8n-editor-ui:build: dist/assets/ToolIcon-D2wKWUey.css                                       19.53 kB │ gzip:   2.35 kB
n8n-editor-ui:build: dist/assets/TemplatesWorkflowView-6WvuVSX1.css                          20.41 kB │ gzip:   2.59 kB
n8n-editor-ui:build: dist/assets/N8nRecycleScroller-DZUEsUcn.css                             20.89 kB │ gzip:   1.87 kB
n8n-editor-ui:build: dist/assets/LogsOverviewRow-C7Fhgkov.css                                21.01 kB │ gzip:   2.81 kB
n8n-editor-ui:build: dist/assets/N8nInputNumber-BVck83RP.css                                 21.07 kB │ gzip:   1.81 kB
n8n-editor-ui:build: dist/assets/N8nFormInputs-DWno4xsX.css                                  21.12 kB │ gzip:   1.83 kB
n8n-editor-ui:build: dist/assets/AgentSkillModal-BEiOtBxV.css                                21.22 kB │ gzip:   2.72 kB
n8n-editor-ui:build: dist/assets/N8nUserSelect-DJRJZOTJ.css                                  21.22 kB │ gzip:   1.88 kB
n8n-editor-ui:build: dist/assets/InstanceAiOnboardingWizard-DxtDTSl4.css                     21.28 kB │ gzip:   2.85 kB
n8n-editor-ui:build: dist/assets/N8nFormInput-Byju8pDH.css                                   21.34 kB │ gzip:   1.92 kB
n8n-editor-ui:build: dist/assets/PreviewTag-aJ4UkZFC.css                                     21.36 kB │ gzip:   1.90 kB
n8n-editor-ui:build: dist/assets/SettingsRowConfigure-BXML4r0e.css                           21.42 kB │ gzip:   1.94 kB
n8n-editor-ui:build: dist/assets/Icon-BEE-aWKa.css                                           21.46 kB │ gzip:   1.92 kB
n8n-editor-ui:build: dist/assets/N8nActionToggle-BG5kjqyo.css                                21.48 kB │ gzip:   1.94 kB
n8n-editor-ui:build: dist/assets/N8nDatatable-DfUu_iit.css                                   21.53 kB │ gzip:   1.96 kB
n8n-editor-ui:build: dist/assets/N8nTags-B-EaOfTr.css                                        21.54 kB │ gzip:   1.98 kB
n8n-editor-ui:build: dist/assets/useNodeCreatorShortcutCoachmark-NksBH5vj.css                21.60 kB │ gzip:   1.92 kB
n8n-editor-ui:build: dist/assets/N8nSpinner-XlFFSTyb.css                                     21.69 kB │ gzip:   1.98 kB
n8n-editor-ui:build: dist/assets/N8nKeyboardShortcut-Ck__9eKX.css                            21.76 kB │ gzip:   1.98 kB
n8n-editor-ui:build: dist/assets/N8nLink-BreKnas2.css                                        21.77 kB │ gzip:   1.91 kB
n8n-editor-ui:build: dist/assets/N8nInfoTip-Bwqc0cK5.css                                     21.83 kB │ gzip:   1.98 kB
n8n-editor-ui:build: dist/assets/N8nAvatar-ChNRaOk9.css                                      21.99 kB │ gzip:   2.10 kB
n8n-editor-ui:build: dist/assets/N8nSelect-CZkDTweF.css                                      22.00 kB │ gzip:   2.09 kB
n8n-editor-ui:build: dist/assets/N8nInfoAccordion-M-xQfDhp.css                               22.20 kB │ gzip:   2.07 kB
n8n-editor-ui:build: dist/assets/N8nLogo-KApXklkg.css                                        22.24 kB │ gzip:   2.09 kB
n8n-editor-ui:build: dist/assets/N8nUserInfo-DG3fiPhp.css                                    22.30 kB │ gzip:   2.03 kB
n8n-editor-ui:build: dist/assets/N8nBadge-B7awsgtv.css                                       22.34 kB │ gzip:   2.06 kB
n8n-editor-ui:build: dist/assets/N8nNotice-DasbBvua.css                                      22.35 kB │ gzip:   2.12 kB
n8n-editor-ui:build: dist/assets/Tag-D4laVm4C.css                                            22.36 kB │ gzip:   2.09 kB
n8n-editor-ui:build: dist/assets/SettingsSection-Hxy5gDKA.css                                22.39 kB │ gzip:   2.24 kB
n8n-editor-ui:build: dist/assets/TableBase-B4ZT4dLO.css                                      22.41 kB │ gzip:   2.11 kB
n8n-editor-ui:build: dist/assets/N8nInlineTextEdit-CLY77g3L.css                              22.51 kB │ gzip:   2.18 kB
n8n-editor-ui:build: dist/assets/Tooltip-DmN76yqY.css                                        22.54 kB │ gzip:   2.21 kB
n8n-editor-ui:build: dist/assets/SettingsPageHeader-M7RGiMZJ.css                             22.75 kB │ gzip:   2.49 kB
n8n-editor-ui:build: dist/assets/ActionPill-CEteejEx.css                                     22.94 kB │ gzip:   2.26 kB
n8n-editor-ui:build: dist/assets/N8nActionDropdown-BGrweoUU.css                              23.05 kB │ gzip:   2.44 kB
n8n-editor-ui:build: dist/assets/N8nScrollArea-o2zvGpO7.css                                  23.06 kB │ gzip:   2.21 kB
n8n-editor-ui:build: dist/assets/SettingsLayout-B7J8cvGz.css                                 23.20 kB │ gzip:   2.58 kB
n8n-editor-ui:build: dist/assets/N8nHeading-_8k1-vBy.css                                     23.41 kB │ gzip:   2.16 kB
n8n-editor-ui:build: dist/assets/AnimatedCollapsibleContent-Cv9MEKe2.css                     23.65 kB │ gzip:   2.15 kB
n8n-editor-ui:build: dist/assets/N8nCard-C9ma-x0j.css                                        23.66 kB │ gzip:   2.27 kB
n8n-editor-ui:build: dist/assets/N8nCopyInput-Nl-J37n9.css                                   23.77 kB │ gzip:   2.51 kB
n8n-editor-ui:build: dist/assets/N8nText-CZXTgWG6.css                                        23.79 kB │ gzip:   2.24 kB
n8n-editor-ui:build: dist/assets/templatedAuth-DPMnXWmN.css                                  23.88 kB │ gzip:   2.24 kB
n8n-editor-ui:build: dist/assets/N8nCallout-DeY4Rksd.css                                     23.94 kB │ gzip:   2.34 kB
n8n-editor-ui:build: dist/assets/N8nPopover-Jai9F8o6.css                                     24.04 kB │ gzip:   2.22 kB
n8n-editor-ui:build: dist/assets/N8nMenuItem-HI2ZdioD.css                                    24.11 kB │ gzip:   2.45 kB
n8n-editor-ui:build: dist/assets/N8nHoverCard-D26jdsR4.css                                   24.15 kB │ gzip:   2.23 kB
n8n-editor-ui:build: dist/assets/RadioGroup-qAcF-Z7p.css                                     24.26 kB │ gzip:   2.50 kB
n8n-editor-ui:build: dist/assets/N8nMarkdown-D05eEz7Y.css                                    24.82 kB │ gzip:   2.50 kB
n8n-editor-ui:build: dist/assets/N8nInputLabel-BXKqOLV3.css                                  25.42 kB │ gzip:   2.73 kB
n8n-editor-ui:build: dist/assets/N8nBreadcrumbs-KHV1Emfa.css                                 25.67 kB │ gzip:   2.62 kB
n8n-editor-ui:build: dist/assets/Alert-5CDsUu_Y.css                                          25.75 kB │ gzip:   2.39 kB
n8n-editor-ui:build: dist/assets/SetupTemplateFormStep-BR4ZIN6n.css                          25.78 kB │ gzip:   2.25 kB
n8n-editor-ui:build: dist/assets/TemplatesCollectionView-BYqFMQiU.css                        26.00 kB │ gzip:   2.19 kB
n8n-editor-ui:build: dist/assets/N8nPagination-DVQZJa9v.css                                  26.05 kB │ gzip:   2.66 kB
n8n-editor-ui:build: dist/assets/N8nDataTableServer-BfobHrbw.css                             26.08 kB │ gzip:   2.73 kB
n8n-editor-ui:build: dist/assets/N8nChatInput-Bk3s9DU7.css                                   26.09 kB │ gzip:   3.11 kB
n8n-editor-ui:build: dist/assets/N8nTabs-Cuu69yLs.css                                        26.19 kB │ gzip:   2.96 kB
n8n-editor-ui:build: dist/assets/ExecutionsView-C6D7LYRt.css                                 26.41 kB │ gzip:   2.42 kB
n8n-editor-ui:build: dist/assets/ProjectVariables-DxHQ5reI.css                               26.44 kB │ gzip:   2.47 kB
n8n-editor-ui:build: dist/assets/N8nCollapsiblePanel-DH4NzAWb.css                            26.50 kB │ gzip:   2.68 kB
n8n-editor-ui:build: dist/assets/GroupedMetricChart-DMDwQPYn.css                             26.77 kB │ gzip:   2.37 kB
n8n-editor-ui:build: dist/assets/AiModelSelectorDropdown-DHGa1HYb.css                        26.77 kB │ gzip:   2.88 kB
n8n-editor-ui:build: dist/assets/SettingsChatHubView-CUi9mJIn.css                            27.08 kB │ gzip:   2.46 kB
n8n-editor-ui:build: dist/assets/useCanvasOperations-C4Iy_m6r.css                            27.17 kB │ gzip:   2.40 kB
n8n-editor-ui:build: dist/assets/SettingsUsageAndPlan-Bml95uwf.css                           27.52 kB │ gzip:   2.65 kB
n8n-editor-ui:build: dist/assets/TemplateList-Cs2zcI2r.css                                   27.56 kB │ gzip:   2.54 kB
n8n-editor-ui:build: dist/assets/ResourcesListLayout-q6PSfspy.css                            27.60 kB │ gzip:   2.65 kB
n8n-editor-ui:build: dist/assets/SkeletonAgentCard-DEGqHA6X.css                              27.69 kB │ gzip:   2.49 kB
n8n-editor-ui:build: dist/assets/CreditWarningBanner-C06GoiyC.css                            28.20 kB │ gzip:   2.83 kB
n8n-editor-ui:build: dist/assets/agents-Sm4wlfba.css                                         28.32 kB │ gzip:   2.93 kB
n8n-editor-ui:build: dist/assets/AppSidebar-DemRfFSn.css                                     30.23 kB │ gzip:   3.15 kB
n8n-editor-ui:build: dist/assets/Input-D9Tj_fqF.css                                          30.54 kB │ gzip:   3.29 kB
n8n-editor-ui:build: dist/assets/AgentSessionsListView-BMQHOFRT.css                          30.57 kB │ gzip:   3.21 kB
n8n-editor-ui:build: dist/assets/ExecutionsTime-DR5ftew0.css                                 36.05 kB │ gzip:   2.95 kB
n8n-editor-ui:build: dist/assets/CanvasRunWorkflowButton-CAu_KsnT.css                        36.35 kB │ gzip:   2.90 kB
n8n-editor-ui:build: dist/assets/AgentEditorModal-BzQLL2pi.css                               36.69 kB │ gzip:   3.19 kB
n8n-editor-ui:build: dist/assets/SettingsMCPClientsView-DaH-Y1HM.css                         37.63 kB │ gzip:   3.36 kB
n8n-editor-ui:build: dist/assets/FixedCollectionParameter-jnLyP9-l.css                       39.15 kB │ gzip:   3.18 kB
n8n-editor-ui:build: dist/assets/AuthView-Bs0PHEjY.css                                       39.71 kB │ gzip:   2.88 kB
n8n-editor-ui:build: dist/assets/WorkflowExecutionsView-BTdrwJqM.css                         40.03 kB │ gzip:   3.44 kB
n8n-editor-ui:build: dist/assets/ResourceCenterView-DFTX0gR8.css                             40.64 kB │ gzip:   4.79 kB
n8n-editor-ui:build: dist/assets/N8nLoading-Bi_gQVvt.css                                     41.64 kB │ gzip:   2.27 kB
n8n-editor-ui:build: dist/assets/MainSidebarHeader-CWPNv9Pm.css                              41.87 kB │ gzip:   3.45 kB
n8n-editor-ui:build: dist/assets/Loading-T1w0ZKI2.css                                        42.98 kB │ gzip:   2.64 kB
n8n-editor-ui:build: dist/assets/N8nNodeIcon-oSxFYw5b.css                                    43.30 kB │ gzip:   2.63 kB
n8n-editor-ui:build: dist/assets/N8nResizeWrapper-DfUvKISp.css                               43.38 kB │ gzip:   2.54 kB
n8n-editor-ui:build: dist/assets/SettingsUsersView-QqaMJZOo.css                              43.88 kB │ gzip:   3.03 kB
n8n-editor-ui:build: dist/assets/RoleSelectDropdown-CAhyafgZ.css                             44.66 kB │ gzip:   3.37 kB
n8n-editor-ui:build: dist/assets/RunDataTable-GBU6nPR4.css                                   44.83 kB │ gzip:   3.95 kB
n8n-editor-ui:build: dist/assets/EvaluationsRootView-CI_WCIM0.css                            45.44 kB │ gzip:   3.27 kB
n8n-editor-ui:build: dist/assets/N8nEmptyState-DLBLSYqA.css                                  45.64 kB │ gzip:   2.85 kB
n8n-editor-ui:build: dist/assets/ChatLayout-BJCu8A3f.css                                     45.95 kB │ gzip:   3.40 kB
n8n-editor-ui:build: dist/assets/ProjectSettings-qE6Frnjm.css                                46.48 kB │ gzip:   3.52 kB
n8n-editor-ui:build: dist/assets/expressions-C_jljxll.css                                    46.64 kB │ gzip:   3.07 kB
n8n-editor-ui:build: dist/assets/InstanceAiView--4jceNO5.css                                 47.28 kB │ gzip:   3.71 kB
n8n-editor-ui:build: dist/assets/WorkflowExecutionsPreview-CqUywUNY.css                      47.98 kB │ gzip:   3.91 kB
n8n-editor-ui:build: dist/assets/SettingsRowGroup-BWt98Hcs.css                               51.95 kB │ gzip:   4.40 kB
n8n-editor-ui:build: dist/assets/N8nToggleGroup-YPfnsqK7.css                                 52.08 kB │ gzip:   3.43 kB
n8n-editor-ui:build: dist/assets/SettingsSourceControl-sMv0iKU5.css                          52.49 kB │ gzip:   3.44 kB
n8n-editor-ui:build: dist/assets/TemplatesSearchView-Bag5cesN.css                            54.08 kB │ gzip:   3.90 kB
n8n-editor-ui:build: dist/assets/AgentToolConfigModal-CE__84oP.css                           54.46 kB │ gzip:   3.70 kB
n8n-editor-ui:build: dist/assets/N8nButton-eAEmv00f.css                                      56.30 kB │ gzip:   4.56 kB
n8n-editor-ui:build: dist/assets/ChatView--Hs5rwai.css                                       58.07 kB │ gzip:   4.38 kB
n8n-editor-ui:build: dist/assets/EvalCollectionsListView-OfjcXBLQ.css                        58.17 kB │ gzip:   4.25 kB
n8n-editor-ui:build: dist/assets/WorkflowBuilderUnavailableNotice-DAZ2UoNp.css               58.20 kB │ gzip:   4.51 kB
n8n-editor-ui:build: dist/assets/ToolsConnectionModal-nS4sjQsi.css                           58.82 kB │ gzip:   4.24 kB
n8n-editor-ui:build: dist/assets/WorkflowDiffView--v0WEqLQ.css                               59.85 kB │ gzip:   4.83 kB
n8n-editor-ui:build: dist/assets/EvaluationsListSwitcher-B6WaU8Xx.css                        65.07 kB │ gzip:   4.52 kB
n8n-editor-ui:build: dist/assets/SettingsApiView-ZJQPI9sp.css                                66.14 kB │ gzip:   4.88 kB
n8n-editor-ui:build: dist/assets/DataTableTable-Dp7QnIdt.css                                 66.46 kB │ gzip:   4.75 kB
n8n-editor-ui:build: dist/assets/SettingsOpenTelemetryView-DJiXWmNY.css                      68.04 kB │ gzip:   6.73 kB
n8n-editor-ui:build: dist/assets/WorkerView-vTs7T4ol.css                                     69.60 kB │ gzip:   3.88 kB
n8n-editor-ui:build: dist/assets/MCPOnboardingModal-gaYMiPYB.css                             70.68 kB │ gzip:   5.37 kB
n8n-editor-ui:build: dist/assets/N8nIconPicker-UAa7xU1V.css                                  71.43 kB │ gzip:   4.50 kB
n8n-editor-ui:build: dist/assets/SettingsMCPView-COVSgaQa.css                                73.06 kB │ gzip:   4.92 kB
n8n-editor-ui:build: dist/assets/ChatGreetings-Cm3IP-8t.css                                  73.26 kB │ gzip:   4.73 kB
n8n-editor-ui:build: dist/assets/ChatMarkdownChunk-CJFot_lF.css                              73.82 kB │ gzip:  13.75 kB
n8n-editor-ui:build: dist/assets/TestRunDetailView-CzqIVnJM.css                              74.57 kB │ gzip:   4.93 kB
n8n-editor-ui:build: dist/assets/MarkdownEditor-BKlhw7tK.css                                 87.91 kB │ gzip:   8.42 kB
n8n-editor-ui:build: dist/assets/DialogTitle-CDnvRhpo.css                                    91.13 kB │ gzip:   4.86 kB
n8n-editor-ui:build: dist/assets/WorkflowHistory-Bq6fDwHF.css                                94.42 kB │ gzip:   6.08 kB
n8n-editor-ui:build: dist/assets/CompareCollectionView-9sJGCgX_.css                          94.55 kB │ gzip:   5.79 kB
n8n-editor-ui:build: dist/assets/DropdownMenu-CVMBvNb6.css                                   97.31 kB │ gzip:   5.51 kB
n8n-editor-ui:build: dist/assets/NodeDetailsView-Cz7xDi0G.css                               108.62 kB │ gzip:   6.92 kB
n8n-editor-ui:build: dist/assets/SettingsSso-BcfIQPXx.css                                   113.01 kB │ gzip:   6.79 kB
n8n-editor-ui:build: dist/assets/WorkflowLayout-DLc0CGI_.css                                117.05 kB │ gzip:   6.80 kB
n8n-editor-ui:build: dist/assets/NodeSettings-Djg8Hvp1.css                                  123.01 kB │ gzip:   7.92 kB
n8n-editor-ui:build: dist/assets/WorkflowReviewRequestsView-fyqL-Hrd.css                    140.93 kB │ gzip:  10.43 kB
n8n-editor-ui:build: dist/assets/MainHeader-BUv2iKmC.css                                    153.15 kB │ gzip:   8.36 kB
n8n-editor-ui:build: dist/assets/WorkflowsView-BbWxlqC2.css                                 169.49 kB │ gzip:   9.83 kB
n8n-editor-ui:build: dist/assets/useExecutionDebugging-BBS4ZByR.css                         181.72 kB │ gzip:  11.04 kB
n8n-editor-ui:build: dist/assets/RunData-D6In7U88.css                                       221.96 kB │ gzip:  12.30 kB
n8n-editor-ui:build: dist/assets/NodeCreator-YXWPPFsd.css                                   280.48 kB │ gzip:  14.03 kB
n8n-editor-ui:build: dist/assets/NodeView-D_NUfowY.css                                      290.58 kB │ gzip:  14.49 kB
n8n-editor-ui:build: dist/assets/InstanceAiEmptyView-DsnT8_dj.css                           291.06 kB │ gzip:  19.84 kB
n8n-editor-ui:build: dist/assets/AgentPreviewDock-BKEflDeg.css                              374.11 kB │ gzip:  22.74 kB
n8n-editor-ui:build: dist/assets/useWorkflowDocumentRenderData-Jun5CUcK.css                 397.96 kB │ gzip:  22.01 kB
n8n-editor-ui:build: dist/assets/AgentBuilderView-BeeuL8xn.css                              444.67 kB │ gzip:  24.35 kB
n8n-editor-ui:build: dist/assets/InstanceAiThreadView-DuUEXgyZ.css                          525.28 kB │ gzip:  29.31 kB
n8n-editor-ui:build: dist/assets/ParameterInputList-CwwzbF0z.css                            622.99 kB │ gzip:  34.67 kB
n8n-editor-ui:build: dist/assets/index-bQoFXb2-.css                                       1,950.99 kB │ gzip: 130.81 kB
n8n-editor-ui:build: dist/assets/usePushConnection-C6wLoI8S.js                                0.04 kB │ gzip:   0.06 kB
n8n-editor-ui:build: dist/assets/insights-CRH1LJF-.js                                         0.07 kB │ gzip:   0.08 kB
n8n-editor-ui:build: dist/assets/en-Puo6t9Bp.js                                               0.08 kB │ gzip:   0.08 kB
n8n-editor-ui:build: dist/assets/insights.store-DYnGlEso.js                                   0.09 kB │ gzip:   0.09 kB
n8n-editor-ui:build: dist/assets/NodeView-BSc1mvHl.js                                         0.10 kB │ gzip:   0.09 kB
n8n-editor-ui:build: dist/assets/instanceAi.store-CglOWSjL.js                                 0.10 kB │ gzip:   0.09 kB
n8n-editor-ui:build: dist/assets/RunDataHtml-CplptH2g.js                                      0.11 kB │ gzip:   0.09 kB
n8n-editor-ui:build: dist/assets/branding-ab8DA4bw.js                                         0.11 kB │ gzip:   0.11 kB
n8n-editor-ui:build: dist/assets/pushConnection.store-BmpC0pmn.js                             0.11 kB │ gzip:   0.09 kB
n8n-editor-ui:build: dist/assets/VirtualSchema-BsDL1Fdx.js                                    0.11 kB │ gzip:   0.09 kB
n8n-editor-ui:build: dist/assets/AgentBuilderView-CyZ6s15o.js                                 0.12 kB │ gzip:   0.09 kB
n8n-editor-ui:build: dist/assets/CollectionParameter-B1RnOzyz.js                              0.13 kB │ gzip:   0.11 kB
n8n-editor-ui:build: dist/assets/AgentSessionsListView-uG_Px_Wr.js                            0.14 kB │ gzip:   0.10 kB
n8n-editor-ui:build: dist/assets/RunDataParsedAiContent-Ul4oMhJj.js                           0.14 kB │ gzip:   0.10 kB
n8n-editor-ui:build: dist/assets/expression-runtime-stub-BOIoYyR2.js                          0.15 kB │ gzip:   0.12 kB
n8n-editor-ui:build: dist/assets/users-CZp_IfxF.js                                            0.15 kB │ gzip:   0.14 kB
n8n-editor-ui:build: dist/assets/insights-Ddv6sRgO.js                                         0.17 kB │ gzip:   0.12 kB
n8n-editor-ui:build: dist/assets/constants-CcDuaD2a.js                                        0.18 kB │ gzip:   0.16 kB
n8n-editor-ui:build: dist/assets/is-record-DDY7KbdD.js                                        0.19 kB │ gzip:   0.16 kB
n8n-editor-ui:build: dist/assets/N8nTag-uT4YaicC.js                                           0.19 kB │ gzip:   0.16 kB
n8n-editor-ui:build: dist/assets/N8nIcon-lO-mWEMv.js                                          0.20 kB │ gzip:   0.16 kB
n8n-editor-ui:build: dist/assets/constants-DFOvusL2.js                                        0.20 kB │ gzip:   0.15 kB
n8n-editor-ui:build: dist/assets/N8nSwitch-CSzly4za.js                                        0.21 kB │ gzip:   0.16 kB
n8n-editor-ui:build: dist/assets/useI18n-a4QAfELR.js                                          0.21 kB │ gzip:   0.17 kB
n8n-editor-ui:build: dist/assets/assert-BgZvUjbv.js                                           0.21 kB │ gzip:   0.16 kB
n8n-editor-ui:build: dist/assets/N8nTooltip-Dm-tu9v8.js                                       0.22 kB │ gzip:   0.16 kB
n8n-editor-ui:build: dist/assets/core-D8l50o8u.js                                             0.22 kB │ gzip:   0.17 kB
n8n-editor-ui:build: dist/assets/sourceControl.eventBus-CgAGb9wB.js                           0.24 kB │ gzip:   0.16 kB
n8n-editor-ui:build: dist/assets/N8nScrollArea-iE67jDO8.js                                    0.25 kB │ gzip:   0.16 kB
n8n-editor-ui:build: dist/assets/AskAssistantIcon-CmmbjLv3.js                                 0.25 kB │ gzip:   0.16 kB
n8n-editor-ui:build: dist/assets/nullish-HRd_BJcT.js                                          0.25 kB │ gzip:   0.20 kB
n8n-editor-ui:build: dist/assets/_plugin-vue_export-helper-D-F0WtqU.js                        0.26 kB │ gzip:   0.18 kB
n8n-editor-ui:build: dist/assets/constants-D7-d9uTY.js                                        0.27 kB │ gzip:   0.22 kB
n8n-editor-ui:build: dist/assets/__vite-browser-external-D6j8MM2a.js                          0.27 kB │ gzip:   0.20 kB
n8n-editor-ui:build: dist/assets/useInjectWorkflowId-r0jjNa5O.js                              0.30 kB │ gzip:   0.20 kB
n8n-editor-ui:build: dist/assets/types-BOn-s3DY.js                                            0.32 kB │ gzip:   0.22 kB
n8n-editor-ui:build: dist/assets/event-ChsZNYQt.js                                            0.33 kB │ gzip:   0.24 kB
n8n-editor-ui:build: dist/assets/sort-by-property-IfLYN6Kh.js                                 0.35 kB │ gzip:   0.24 kB
n8n-editor-ui:build: dist/assets/smart-decimal-CP8xHdYV.js                                    0.36 kB │ gzip:   0.24 kB
n8n-editor-ui:build: dist/assets/injectionKeys-CTlTiOot.js                                    0.37 kB │ gzip:   0.26 kB
n8n-editor-ui:build: dist/assets/constants-DG3cGHD2.js                                        0.37 kB │ gzip:   0.22 kB
n8n-editor-ui:build: dist/assets/auth.constants-CHWdQJiE.js                                   0.38 kB │ gzip:   0.22 kB
n8n-editor-ui:build: dist/assets/lib-CcMDH-kD.js                                              0.39 kB │ gzip:   0.28 kB
n8n-editor-ui:build: dist/assets/bytes-B_h8Kf-T.js                                            0.40 kB │ gzip:   0.24 kB
n8n-editor-ui:build: dist/assets/auth.eventBus-rhI2Lft_.js                                    0.41 kB │ gzip:   0.24 kB
n8n-editor-ui:build: dist/assets/instanceAiLayout-GgY0tmRP.js                                 0.42 kB │ gzip:   0.27 kB
n8n-editor-ui:build: dist/assets/useInstanceAiEditorCapability-5BaUKo3m.js                    0.42 kB │ gzip:   0.24 kB
n8n-editor-ui:build: dist/assets/refs-BSjx4vl9.js                                             0.46 kB │ gzip:   0.31 kB
n8n-editor-ui:build: dist/assets/useStyles-BVvkOaVI.js                                        0.47 kB │ gzip:   0.32 kB
n8n-editor-ui:build: dist/assets/agentReturnContext.store-B1aSWf4q.js                         0.48 kB │ gzip:   0.28 kB
n8n-editor-ui:build: dist/assets/isUndefined-CCtLyO7X.js                                      0.50 kB │ gzip:   0.30 kB
n8n-editor-ui:build: dist/assets/useLocale-IVjNG3g0.js                                        0.52 kB │ gzip:   0.35 kB
n8n-editor-ui:build: dist/assets/validator-DqNWdCzG.js                                        0.65 kB │ gzip:   0.32 kB
n8n-editor-ui:build: dist/assets/instanceAiComputerUse.telemetry-rboZzDgH.js                  0.65 kB │ gzip:   0.36 kB
n8n-editor-ui:build: dist/assets/createAgentRoute-2RxVapLB.js                                 0.68 kB │ gzip:   0.40 kB
n8n-editor-ui:build: dist/assets/AuthLayout-DfI0Uzfz.js                                       0.69 kB │ gzip:   0.38 kB
n8n-editor-ui:build: dist/assets/useEvaluationsLicense-D-Vd9JHi.js                            0.75 kB │ gzip:   0.38 kB
n8n-editor-ui:build: dist/assets/verified-BVYbmSAw.js                                         0.78 kB │ gzip:   0.50 kB
n8n-editor-ui:build: dist/assets/postMessageUtils-CT0cZm-T.js                                 0.78 kB │ gzip:   0.45 kB
n8n-editor-ui:build: dist/assets/useWorkflowReviewsFeature-BSsbGA9b.js                        0.79 kB │ gzip:   0.37 kB
n8n-editor-ui:build: dist/assets/usePrivateCredentials-CrdR8CSc.js                            0.80 kB │ gzip:   0.45 kB
n8n-editor-ui:build: dist/assets/invite-link.utils-CRizovHJ.js                                0.80 kB │ gzip:   0.48 kB
n8n-editor-ui:build: dist/assets/useKbd-B8tN3EgQ.js                                           0.81 kB │ gzip:   0.47 kB
n8n-editor-ui:build: dist/assets/useExecutionData-ByOlatnV.js                                 0.82 kB │ gzip:   0.35 kB
n8n-editor-ui:build: dist/assets/expression-runtime-stub-DHA3RX1a.js                          0.82 kB │ gzip:   0.38 kB
n8n-editor-ui:build: dist/assets/useAgentConfirmationModal-BXCAnxmn.js                        0.83 kB │ gzip:   0.40 kB
n8n-editor-ui:build: dist/assets/DefaultLayout-DAqQXKOe.js                                    0.84 kB │ gzip:   0.42 kB
n8n-editor-ui:build: dist/assets/event-bus-CPanalHc.js                                        0.85 kB │ gzip:   0.27 kB
n8n-editor-ui:build: dist/assets/notifications.store-Cx0RkObG.js                              0.85 kB │ gzip:   0.40 kB
n8n-editor-ui:build: dist/assets/useActivationError-KkolPO0x.js                               0.86 kB │ gzip:   0.47 kB
n8n-editor-ui:build: dist/assets/useDocumentTitle-D2clIO97.js                                 0.90 kB │ gzip:   0.45 kB
n8n-editor-ui:build: dist/assets/breaking-changes-t28WCZ6h.js                                 0.92 kB │ gzip:   0.37 kB
n8n-editor-ui:build: dist/assets/EnterpriseEdition.ee-B-dBBYav.js                             0.94 kB │ gzip:   0.50 kB
n8n-editor-ui:build: dist/assets/ComputerUseSetupModal-D75EDYax.js                            0.96 kB │ gzip:   0.49 kB
n8n-editor-ui:build: dist/assets/create-event-queue-Bybwwc6u.js                               0.98 kB │ gzip:   0.47 kB
n8n-editor-ui:build: dist/assets/z-indexes-6L1EZzrF.js                                        0.98 kB │ gzip:   0.61 kB
n8n-editor-ui:build: dist/assets/event-bus-CWhIcyjm.js                                        0.99 kB │ gzip:   0.45 kB
n8n-editor-ui:build: dist/assets/VueMarkdown--pRb5Ny1.js                                      1.00 kB │ gzip:   0.54 kB
n8n-editor-ui:build: dist/assets/json-BTFwBmHt.js                                             1.00 kB │ gzip:   0.58 kB
n8n-editor-ui:build: dist/assets/use-size-Cp5ZNej3.js                                         1.01 kB │ gzip:   0.52 kB
n8n-editor-ui:build: dist/assets/useDirection-BI3vw4Oi.js                                     1.02 kB │ gzip:   0.45 kB
n8n-editor-ui:build: dist/assets/repeat-click-CjvB37-a.js                                     1.05 kB │ gzip:   0.54 kB
n8n-editor-ui:build: dist/assets/DialogFooter-DYwTUHaM.js                                     1.06 kB │ gzip:   0.52 kB
n8n-editor-ui:build: dist/assets/instanceAiComputerUse-xBku4-u3.js                            1.06 kB │ gzip:   0.40 kB
n8n-editor-ui:build: dist/assets/isSymbol-fd1uPVwT.js                                         1.08 kB │ gzip:   0.60 kB
n8n-editor-ui:build: dist/assets/samples-C-x-x-5O.js                                          1.08 kB │ gzip:   0.55 kB
n8n-editor-ui:build: dist/assets/sortBy-m53vw6K_.js                                           1.10 kB │ gzip:   0.50 kB
n8n-editor-ui:build: dist/assets/useDocumentVisibility-BTi8F8KH.js                            1.10 kB │ gzip:   0.42 kB
n8n-editor-ui:build: dist/assets/Label-COBlO8QQ.js                                            1.10 kB │ gzip:   0.63 kB
n8n-editor-ui:build: dist/assets/InstanceAiLayout-CaHigfcT.js                                 1.16 kB │ gzip:   0.52 kB
n8n-editor-ui:build: dist/assets/useSidebarLayout-cBs7PF4V.js                                 1.17 kB │ gzip:   0.50 kB
n8n-editor-ui:build: dist/assets/isValueEqualOrExist-DwbwiR1P.js                              1.19 kB │ gzip:   0.57 kB
n8n-editor-ui:build: dist/assets/mcp.constants-IJpMMGl1.js                                    1.19 kB │ gzip:   0.49 kB
n8n-editor-ui:build: dist/assets/useDocumentTitle-Dm6Cz6C5.js                                 1.22 kB │ gzip:   0.60 kB
n8n-editor-ui:build: dist/assets/BrowserUseSetupModal-K63gbW0v.js                             1.23 kB │ gzip:   0.60 kB
n8n-editor-ui:build: dist/assets/N8nIconButton-BsHexcQ4.js                                    1.23 kB │ gzip:   0.57 kB
n8n-editor-ui:build: dist/assets/fileUtils-B9kpJM2Q.js                                        1.28 kB │ gzip:   0.66 kB
n8n-editor-ui:build: dist/assets/useIntersectionObserver-iwYIXwUl.js                          1.29 kB │ gzip:   0.59 kB
n8n-editor-ui:build: dist/assets/N8nSpinner-C-Uo5rmF.js                                       1.30 kB │ gzip:   0.59 kB
n8n-editor-ui:build: dist/assets/instanceAiBrowserUse-Bbdz_4pp.js                             1.31 kB │ gzip:   0.61 kB
n8n-editor-ui:build: dist/assets/useTagPermissions-pfbh0vGA.js                                1.32 kB │ gzip:   0.38 kB
n8n-editor-ui:build: dist/assets/useAgentPermissions-BEuFGFC0.js                              1.32 kB │ gzip:   0.57 kB
n8n-editor-ui:build: dist/assets/otel.constants-BsccaLIJ.js                                   1.33 kB │ gzip:   0.73 kB
n8n-editor-ui:build: dist/assets/useEvalCollectionsFlag-D5vjoFKH.js                           1.34 kB │ gzip:   0.72 kB
n8n-editor-ui:build: dist/assets/durations-xVQWCRRO.js                                        1.35 kB │ gzip:   0.72 kB
n8n-editor-ui:build: dist/assets/setupPanel.store-RyRZtWJF.js                                 1.36 kB │ gzip:   0.60 kB
n8n-editor-ui:build: dist/assets/userRoleProvisioning.store-Bdp19aQY.js                       1.37 kB │ gzip:   0.50 kB
n8n-editor-ui:build: dist/assets/useFocusGuards-kyzhQga3.js                                   1.38 kB │ gzip:   0.70 kB
n8n-editor-ui:build: dist/assets/uniqBy-MYS6BjR8.js                                           1.40 kB │ gzip:   0.76 kB
n8n-editor-ui:build: dist/assets/useInstanceAiAvailability-B1R-6BIM.js                        1.41 kB │ gzip:   0.61 kB
n8n-editor-ui:build: dist/assets/constants-moeKMERY.js                                        1.42 kB │ gzip:   0.78 kB
n8n-editor-ui:build: dist/assets/retry-DJzI_sTX.js                                            1.43 kB │ gzip:   0.65 kB
n8n-editor-ui:build: dist/assets/pickBy-DPhHb74T.js                                           1.45 kB │ gzip:   0.72 kB
n8n-editor-ui:build: dist/assets/useExternalHooks-ItRXpQL3.js                                 1.51 kB │ gzip:   0.73 kB
n8n-editor-ui:build: dist/assets/truncate-C7VF-4ma.js                                         1.54 kB │ gzip:   0.66 kB
n8n-editor-ui:build: dist/assets/SeverityTag-Bbt-1Qlz.js                                      1.58 kB │ gzip:   0.74 kB
n8n-editor-ui:build: dist/assets/dist-D_4wuNub.js                                             1.59 kB │ gzip:   0.74 kB
n8n-editor-ui:build: dist/assets/exposeAllWorkflowsToMcp.store-CmS6WpNX.js                    1.60 kB │ gzip:   0.59 kB
n8n-editor-ui:build: dist/assets/SignoutView-BQYv7UkX.js                                      1.62 kB │ gzip:   0.77 kB
n8n-editor-ui:build: dist/assets/EmptySharedSectionActionBox-5q14Dpi2.js                      1.63 kB │ gzip:   0.80 kB
n8n-editor-ui:build: dist/assets/RunDataHtml-IGfBo4i6.js                                      1.65 kB │ gzip:   0.78 kB
n8n-editor-ui:build: dist/assets/generate-nano-id-DOBUHiOn.js                                 1.65 kB │ gzip:   0.85 kB
n8n-editor-ui:build: dist/assets/useDeviceSupport-BhC254gi.js                                 1.70 kB │ gzip:   0.72 kB
n8n-editor-ui:build: dist/assets/AnimatedSpinner-CaJS7Uy_.js                                  1.75 kB │ gzip:   0.66 kB
n8n-editor-ui:build: dist/assets/markdown-it-link-attributes-BC3Hu7Xj.js                      1.76 kB │ gzip:   0.72 kB
n8n-editor-ui:build: dist/assets/useMcp-IcfE2Z4y.js                                           1.77 kB │ gzip:   0.65 kB
n8n-editor-ui:build: dist/assets/scroll-g0oFmSkY.js                                           1.78 kB │ gzip:   0.76 kB
n8n-editor-ui:build: dist/assets/useAiGatewayTopUp-Xi11E9Dt.js                                1.78 kB │ gzip:   0.76 kB
n8n-editor-ui:build: dist/assets/useInstanceAiCredentialHelp-BMVGFHjF.js                      1.79 kB │ gzip:   0.77 kB
n8n-editor-ui:build: dist/assets/SecretsProviderImage.ee-C1d9D0uR.js                          1.80 kB │ gzip:   0.72 kB
n8n-editor-ui:build: dist/assets/scopes.utils-C5aZy-Ze.js                                     1.82 kB │ gzip:   0.67 kB
n8n-editor-ui:build: dist/assets/useAgentConfig-DpQZleWM.js                                   1.84 kB │ gzip:   0.78 kB
n8n-editor-ui:build: dist/assets/InsightsChartFailed-CdcWb6js.js                              1.84 kB │ gzip:   0.88 kB
n8n-editor-ui:build: dist/assets/projectRoleScopes-ltYKMfVj.js                                1.84 kB │ gzip:   0.90 kB
n8n-editor-ui:build: dist/assets/constants-DWyRIimr.js                                        1.88 kB │ gzip:   0.81 kB
n8n-editor-ui:build: dist/assets/chatHubPanel.store-br5eEW12.js                               1.96 kB │ gzip:   0.82 kB
n8n-editor-ui:build: dist/assets/InsightsChartTotal-BvnYR7VZ.js                               1.97 kB │ gzip:   0.88 kB
n8n-editor-ui:build: dist/assets/useClipboard-DDq3vZBx.js                                     2.00 kB │ gzip:   0.90 kB
n8n-editor-ui:build: dist/assets/orderBy-DgjoHqnW.js                                          2.02 kB │ gzip:   0.94 kB
n8n-editor-ui:build: dist/assets/utils-CUlqcLpK.js                                            2.02 kB │ gzip:   0.90 kB
n8n-editor-ui:build: dist/assets/EvaluationsPaywall-I0ImRtmw.js                               2.03 kB │ gzip:   0.89 kB
n8n-editor-ui:build: dist/assets/dateFormatter-0kDpxie4.js                                    2.03 kB │ gzip:   0.72 kB
n8n-editor-ui:build: dist/assets/utils-CE7CnIpB.js                                            2.06 kB │ gzip:   0.86 kB
n8n-editor-ui:build: dist/assets/insights.constants-w5yPTtXL.js                               2.06 kB │ gzip:   0.77 kB
n8n-editor-ui:build: dist/assets/InsightsChartFailureRate-DlyxDzMT.js                         2.08 kB │ gzip:   0.95 kB
n8n-editor-ui:build: dist/assets/useExternalHooks-DOT-rAha.js                                 2.10 kB │ gzip:   0.84 kB
n8n-editor-ui:build: dist/assets/useTelemetry-2P8aHE7m.js                                     2.12 kB │ gzip:   0.96 kB
n8n-editor-ui:build: dist/assets/preload-helper-CMc80dNB.js                                   2.13 kB │ gzip:   1.00 kB
n8n-editor-ui:build: dist/assets/chunk-CC9Q-vWm.js                                            2.17 kB │ gzip:   0.98 kB
n8n-editor-ui:build: dist/assets/flatten-B0z44vp6.js                                          2.24 kB │ gzip:   0.92 kB
n8n-editor-ui:build: dist/assets/SamlOnboarding-DVmevE-o.js                                   2.25 kB │ gzip:   0.96 kB
n8n-editor-ui:build: dist/assets/useAiGateway-PHSTEZ3Q.js                                     2.27 kB │ gzip:   0.73 kB
n8n-editor-ui:build: dist/assets/InsightsChartAverageRuntime-Cq5_40Ew.js                      2.29 kB │ gzip:   1.04 kB
n8n-editor-ui:build: dist/assets/useAgentTelemetry-DgrVhQnm.js                                2.29 kB │ gzip:   0.73 kB
n8n-editor-ui:build: dist/assets/omit-8f4uL1E5.js                                             2.30 kB │ gzip:   0.94 kB
n8n-editor-ui:build: dist/assets/useCredentialTestInBackground-BG-C8euS.js                    2.31 kB │ gzip:   0.82 kB
n8n-editor-ui:build: dist/assets/InsightsChartTimeSaved-Cm5Y-Nyp.js                           2.34 kB │ gzip:   1.07 kB
n8n-editor-ui:build: dist/assets/WorkflowOnboardingView-DvFMbECs.js                           2.38 kB │ gzip:   0.91 kB
n8n-editor-ui:build: dist/assets/useProjectAgentsList-BMv1bjuz.js                             2.40 kB │ gzip:   0.92 kB
n8n-editor-ui:build: dist/assets/index.es-Bd6Zrgml.js                                         2.43 kB │ gzip:   1.04 kB
n8n-editor-ui:build: dist/assets/rmWorkflow.store-BVvyS9uG.js                                 2.45 kB │ gzip:   0.80 kB
n8n-editor-ui:build: dist/assets/utils-CNvMy5Sr.js                                            2.49 kB │ gzip:   1.07 kB
n8n-editor-ui:build: dist/assets/locale-B2nKG9in.js                                           2.64 kB │ gzip:   1.22 kB
n8n-editor-ui:build: dist/assets/useSecretsProvidersList.ee-CU-I_YNq.js                       2.66 kB │ gzip:   0.84 kB
n8n-editor-ui:build: dist/assets/AnnotationTagsDropdown.ee-CH0lR-ZL.js                        2.69 kB │ gzip:   1.03 kB
n8n-editor-ui:build: dist/assets/useFreeAiCredits-BPhky8Fe.js                                 2.77 kB │ gzip:   0.97 kB
n8n-editor-ui:build: dist/assets/rbac.store-Clgw0of_.js                                       2.90 kB │ gzip:   0.96 kB
n8n-editor-ui:build: dist/assets/ConnectionTracker-CL1094yR.js                                2.92 kB │ gzip:   1.11 kB
n8n-editor-ui:build: dist/assets/EntityUnAuthorised-C6G0p1sf.js                               2.94 kB │ gzip:   1.19 kB
n8n-editor-ui:build: dist/assets/useTypeahead-CxS-PwIP.js                                     2.94 kB │ gzip:   1.29 kB
n8n-editor-ui:build: dist/assets/LoadingView-BYV0NpXi.js                                      2.95 kB │ gzip:   0.97 kB
n8n-editor-ui:build: dist/assets/communityNodes.store-B62ablqI.js                             2.95 kB │ gzip:   0.93 kB
n8n-editor-ui:build: dist/assets/useWorkflowEvaluationState-fflvsKc8.js                       3.01 kB │ gzip:   1.04 kB
n8n-editor-ui:build: dist/assets/ForgotMyPasswordView-cj-Yi9I5.js                             3.03 kB │ gzip:   1.19 kB
n8n-editor-ui:build: dist/assets/PreviewTag-DjwiTP9T.js                                       3.04 kB │ gzip:   1.04 kB
n8n-editor-ui:build: dist/assets/PageViewLayout-4Un7lZvr.js                                   3.07 kB │ gzip:   1.03 kB
n8n-editor-ui:build: dist/assets/collapse-transition-MvO6_YDr.js                              3.08 kB │ gzip:   0.96 kB
n8n-editor-ui:build: dist/assets/permissions-BwY7Bvk7.js                                      3.11 kB │ gzip:   0.96 kB
n8n-editor-ui:build: dist/assets/useInstallNode-DGyhvTdl.js                                   3.16 kB │ gzip:   1.13 kB
n8n-editor-ui:build: dist/assets/workflowReviews.utils-BUJeodcN.js                            3.16 kB │ gzip:   0.80 kB
n8n-editor-ui:build: dist/assets/EntityNotFound-BcjknCgZ.js                                   3.16 kB │ gzip:   1.11 kB
n8n-editor-ui:build: dist/assets/AlertDialog-D2NggR64.js                                      3.19 kB │ gzip:   1.08 kB
n8n-editor-ui:build: dist/assets/Tag-BRVUPCW-.js                                              3.19 kB │ gzip:   1.13 kB
n8n-editor-ui:build: dist/assets/useResizablePanel-CPrxFFHG.js                                3.23 kB │ gzip:   1.04 kB
n8n-editor-ui:build: dist/assets/dist-dUcNVZjh.js                                             3.23 kB │ gzip:   1.14 kB
n8n-editor-ui:build: dist/assets/use-global-config-BRuf-QLN.js                                3.28 kB │ gzip:   1.16 kB
n8n-editor-ui:build: dist/assets/SetupView-Z1A7h4Li.js                                        3.31 kB │ gzip:   1.21 kB
n8n-editor-ui:build: dist/assets/useSecretsProviderConnection.ee-Cu6E3dqJ.js                  3.32 kB │ gzip:   0.91 kB
n8n-editor-ui:build: dist/assets/toolDisplayName-BUT_oQfs.js                                  3.34 kB │ gzip:   0.97 kB
n8n-editor-ui:build: dist/assets/useExecutionHelpers-Dkk5s6kq.js                              3.34 kB │ gzip:   1.11 kB
n8n-editor-ui:build: dist/assets/NewAgentView-DZej1kTa.js                                     3.36 kB │ gzip:   1.34 kB
n8n-editor-ui:build: dist/assets/AnimatedCollapsibleContent-B8U90sD4.js                       3.40 kB │ gzip:   1.16 kB
n8n-editor-ui:build: dist/assets/insights.store-B02svWS2.js                                   3.46 kB │ gzip:   1.05 kB
n8n-editor-ui:build: dist/assets/useCalloutHelpers-CqCiK1Yx.js                                3.52 kB │ gzip:   1.24 kB
n8n-editor-ui:build: dist/assets/N8nInputNumber-Bo5A7EVN.js                                   3.54 kB │ gzip:   1.18 kB
n8n-editor-ui:build: dist/assets/ResourcesListEmptyState-BPcwViqG.js                          3.54 kB │ gzip:   1.14 kB
n8n-editor-ui:build: dist/assets/Dialog-D2F6MzWP.js                                           3.58 kB │ gzip:   1.16 kB
n8n-editor-ui:build: dist/assets/useAgentPublish-BMMxavyF.js                                  3.61 kB │ gzip:   0.98 kB
n8n-editor-ui:build: dist/assets/roles.store-BgJeItNc.js                                      3.62 kB │ gzip:   1.10 kB
n8n-editor-ui:build: dist/assets/menuItemId-j956X9Lf.js                                       3.63 kB │ gzip:   1.29 kB
n8n-editor-ui:build: dist/assets/SettingsRowConfigure-ChMlvMCT.js                             3.63 kB │ gzip:   1.18 kB
n8n-editor-ui:build: dist/assets/FileSaver.min-DQWmJ_az.js                                    3.67 kB │ gzip:   1.56 kB
n8n-editor-ui:build: dist/assets/use-form-item-B0ezGCmL.js                                    3.68 kB │ gzip:   1.13 kB
n8n-editor-ui:build: dist/assets/htmlUtils-B4dfkzSm.js                                        3.68 kB │ gzip:   1.66 kB
n8n-editor-ui:build: dist/assets/useTelemetryContext-C8PrsRu2.js                              3.70 kB │ gzip:   1.31 kB
n8n-editor-ui:build: dist/assets/constants--TCo639i.js                                        3.71 kB │ gzip:   1.42 kB
n8n-editor-ui:build: dist/assets/KeyboardShortcutTooltip-1HcTpMMB.js                          3.76 kB │ gzip:   1.23 kB
n8n-editor-ui:build: dist/assets/templateActions-D9V0gqKX.js                                  3.79 kB │ gzip:   1.28 kB
n8n-editor-ui:build: dist/assets/TableBase-VorusuPz.js                                        3.80 kB │ gzip:   1.31 kB
n8n-editor-ui:build: dist/assets/N8nBadge-DEv8xILx.js                                         3.81 kB │ gzip:   1.27 kB
n8n-editor-ui:build: dist/assets/surfaceMcpToNewCloudUsers.store-nyZrRvif.js                  3.87 kB │ gzip:   1.04 kB
n8n-editor-ui:build: dist/assets/N8nKeyboardShortcut-oqr-NUON.js                              3.88 kB │ gzip:   1.29 kB
n8n-editor-ui:build: dist/assets/tag-CKkcWCHQ.js                                              3.95 kB │ gzip:   1.39 kB
n8n-editor-ui:build: dist/assets/CopyButton-DCb_MJkv.js                                       3.95 kB │ gzip:   1.38 kB
n8n-editor-ui:build: dist/assets/AgentView-B-Ofba24.js                                        3.95 kB │ gzip:   1.40 kB
n8n-editor-ui:build: dist/assets/PrivateCredentialIcon-CbN7fTd-.js                            4.01 kB │ gzip:   1.39 kB
n8n-editor-ui:build: dist/assets/AgentPersonalisationIcon-Du_T8BcH.js                         4.11 kB │ gzip:   1.33 kB
n8n-editor-ui:build: dist/assets/SignupView-qVqKc1Yx.js                                       4.13 kB │ gzip:   1.49 kB
n8n-editor-ui:build: dist/assets/templateTransforms-vu02iTiV.js                               4.14 kB │ gzip:   1.36 kB
n8n-editor-ui:build: dist/assets/InsightsPaywall-BbbkL2Bm.js                                  4.15 kB │ gzip:   1.30 kB
n8n-editor-ui:build: dist/assets/ProjectIcon-Czr2yrLK.js                                      4.23 kB │ gzip:   1.41 kB
n8n-editor-ui:build: dist/assets/useAutosizeTextarea-Bt2VYHHM.js                              4.25 kB │ gzip:   1.41 kB
n8n-editor-ui:build: dist/assets/useNodeCreatorShortcutCoachmark-BLuZPlDs.js                  4.25 kB │ gzip:   1.43 kB
n8n-editor-ui:build: dist/assets/usage.store-BaUu-Tjz.js                                      4.28 kB │ gzip:   1.31 kB
n8n-editor-ui:build: dist/assets/useNonce-D6Qj4uKZ.js                                         4.31 kB │ gzip:   1.46 kB
n8n-editor-ui:build: dist/assets/chartjs.utils-CsEttVWr.js                                    4.39 kB │ gzip:   1.13 kB
n8n-editor-ui:build: dist/assets/SettingsSection-CYBhZ_Og.js                                  4.39 kB │ gzip:   1.38 kB
n8n-editor-ui:build: dist/assets/handleSessionExpired-eR3iskno.js                             4.40 kB │ gzip:   1.52 kB
n8n-editor-ui:build: dist/assets/workers-MZQPRL7O.js                                          4.40 kB │ gzip:   1.44 kB
n8n-editor-ui:build: dist/assets/icon-DZ0EzuSb.js                                             4.41 kB │ gzip:   1.65 kB
n8n-editor-ui:build: dist/assets/SelectedItemsInfo-DF9aZbV7.js                                4.42 kB │ gzip:   1.41 kB
n8n-editor-ui:build: dist/assets/AssistantIcon-DtYlzg0_.js                                    4.46 kB │ gzip:   1.94 kB
n8n-editor-ui:build: dist/assets/SettingsLayout-DAfEBz4F.js                                   4.47 kB │ gzip:   1.49 kB
n8n-editor-ui:build: dist/assets/N8nHeading-DtvK5FVj.js                                       4.49 kB │ gzip:   1.49 kB
n8n-editor-ui:build: dist/assets/ErrorView-DmDwwj1J.js                                        4.52 kB │ gzip:   1.49 kB
n8n-editor-ui:build: dist/assets/useExtensionDirectConnect-Ca44SW3l.js                        4.54 kB │ gzip:   1.67 kB
n8n-editor-ui:build: dist/assets/SetupWorkflowCredentialsButton-B2kpkiGa.js                   4.60 kB │ gzip:   1.52 kB
n8n-editor-ui:build: dist/assets/ContactAdministratorToInstall-8ZNVsGpU.js                    4.60 kB │ gzip:   1.55 kB
n8n-editor-ui:build: dist/assets/N8nTags-C5z14vf_.js                                          4.60 kB │ gzip:   1.59 kB
n8n-editor-ui:build: dist/assets/N8nCard-Bo_W3SAE.js                                          4.67 kB │ gzip:   1.40 kB
n8n-editor-ui:build: dist/assets/skeleton-BnwSZlIb.js                                         4.68 kB │ gzip:   1.49 kB
n8n-editor-ui:build: dist/assets/BaseLayout-91CqLUrG.js                                       4.71 kB │ gzip:   1.35 kB
n8n-editor-ui:build: dist/assets/useMcpServerConnect-D4lvznSY.js                              4.72 kB │ gzip:   1.70 kB
n8n-editor-ui:build: dist/assets/dist-CqIB450i.js                                             4.73 kB │ gzip:   1.61 kB
n8n-editor-ui:build: dist/assets/ActionPill-U0aRAUdT.js                                       4.75 kB │ gzip:   1.53 kB
n8n-editor-ui:build: dist/assets/resourceCenter.store-Bq9I_AS2.js                             4.79 kB │ gzip:   1.77 kB
n8n-editor-ui:build: dist/assets/nodeIcon-PW4EYxZA.js                                         4.80 kB │ gzip:   1.49 kB
n8n-editor-ui:build: dist/assets/ChangePasswordView-D83UXaDA.js                               4.83 kB │ gzip:   1.61 kB
n8n-editor-ui:build: dist/assets/N8nText-Cyh6n6lU.js                                          4.89 kB │ gzip:   1.60 kB
n8n-editor-ui:build: dist/assets/views-Bvvv9vv2.js                                            4.93 kB │ gzip:   1.83 kB
n8n-editor-ui:build: dist/assets/useKeybindings-Pzqyfman.js                                   4.94 kB │ gzip:   1.83 kB
n8n-editor-ui:build: dist/assets/CopyInput-BFV6I3XC.js                                        4.98 kB │ gzip:   1.65 kB
n8n-editor-ui:build: dist/assets/TextWithHighlights-CMbOwplg.js                               5.08 kB │ gzip:   1.68 kB
n8n-editor-ui:build: dist/assets/ChangePasswordModal-B9iBYqhW.js                              5.12 kB │ gzip:   1.68 kB
n8n-editor-ui:build: dist/assets/PromptMfaCodeModal-BR5DYzys.js                               5.18 kB │ gzip:   1.76 kB
n8n-editor-ui:build: dist/assets/N8nLoading-i7-ekIsh.js                                       5.20 kB │ gzip:   1.47 kB
n8n-editor-ui:build: dist/assets/ConfirmPasswordModal-omoF18Mw.js                             5.25 kB │ gzip:   1.72 kB
n8n-editor-ui:build: dist/assets/col-DNaWSFbp.js                                              5.27 kB │ gzip:   1.51 kB
n8n-editor-ui:build: dist/assets/NodeIcon-2ESw96sP.js                                         5.27 kB │ gzip:   1.65 kB
n8n-editor-ui:build: dist/assets/oauthCallback-Dk8dFgv_.js                                    5.30 kB │ gzip:   2.11 kB
n8n-editor-ui:build: dist/assets/AgentConfirmationModal-BuBdsS9b.js                           5.31 kB │ gzip:   1.61 kB
n8n-editor-ui:build: dist/assets/N8nInfoTip-DsISMTe5.js                                       5.32 kB │ gzip:   1.65 kB
n8n-editor-ui:build: dist/assets/DemoDiffView-T-QqDiej.js                                     5.32 kB │ gzip:   1.80 kB
n8n-editor-ui:build: dist/assets/useAgentToolCatalog-C5GSk03r.js                              5.41 kB │ gzip:   2.16 kB
n8n-editor-ui:build: dist/assets/ChatFile-Ddpu2DQ9.js                                         5.45 kB │ gzip:   1.64 kB
n8n-editor-ui:build: dist/assets/useToast-JtjVtBZt.js                                         5.48 kB │ gzip:   2.00 kB
n8n-editor-ui:build: dist/assets/DemoLayout-CSzJTXyA.js                                       5.58 kB │ gzip:   2.01 kB
n8n-editor-ui:build: dist/assets/ChatAgentAvatar-CG4BxV5F.js                                  5.61 kB │ gzip:   1.86 kB
n8n-editor-ui:build: dist/assets/N8nLink-DTaX3ueW.js                                          5.62 kB │ gzip:   1.72 kB
n8n-editor-ui:build: dist/assets/CredentialIcon-CU0FBtDE.js                                   5.63 kB │ gzip:   1.69 kB
n8n-editor-ui:build: dist/assets/use-z-index-GSl4y52Z.js                                      5.67 kB │ gzip:   2.05 kB
n8n-editor-ui:build: dist/assets/trialIntroModal.store-DhKzY-w5.js                            5.67 kB │ gzip:   1.82 kB
n8n-editor-ui:build: dist/assets/ProjectBreadcrumb-DSBkB4-F.js                                5.68 kB │ gzip:   1.78 kB
n8n-editor-ui:build: dist/assets/N8nCallout-lB8SRz3J.js                                       5.75 kB │ gzip:   1.84 kB
n8n-editor-ui:build: dist/assets/RovingFocusGroup-C71USjow.js                                 5.80 kB │ gzip:   2.11 kB
n8n-editor-ui:build: dist/assets/N8nUserInfo-B9m8CkiR.js                                      5.81 kB │ gzip:   1.70 kB
n8n-editor-ui:build: dist/assets/N8nRecycleScroller-D7e4D0ZJ.js                               5.82 kB │ gzip:   1.73 kB
n8n-editor-ui:build: dist/assets/N8nCollapsiblePanel-BBFwQpkQ.js                              5.84 kB │ gzip:   1.79 kB
n8n-editor-ui:build: dist/assets/N8nDatatable-BVgtKyBy.js                                     5.84 kB │ gzip:   1.96 kB
n8n-editor-ui:build: dist/assets/dateformat-DxkxG_VE.js                                       5.89 kB │ gzip:   2.29 kB
n8n-editor-ui:build: dist/assets/sso.store-CUCY0TiO.js                                        5.90 kB │ gzip:   1.45 kB
n8n-editor-ui:build: dist/assets/N8nNotice-BrcUbRBd.js                                        5.91 kB │ gzip:   2.13 kB
n8n-editor-ui:build: dist/assets/Alert-C4IZ0SeV.js                                            5.91 kB │ gzip:   1.77 kB
n8n-editor-ui:build: dist/assets/WorkflowPreviewHost-LfO3PBTV.js                              5.92 kB │ gzip:   1.93 kB
n8n-editor-ui:build: dist/assets/usePageRedirectionHelper-4aLQr-F3.js                         6.05 kB │ gzip:   2.12 kB
n8n-editor-ui:build: dist/assets/typesUtils-2mTRBc7p.js                                       6.07 kB │ gzip:   2.23 kB
n8n-editor-ui:build: dist/assets/isObject-KzIDc91m.js                                         6.10 kB │ gzip:   1.52 kB
n8n-editor-ui:build: dist/assets/SettingsPageHeader-CdySycTQ.js                               6.10 kB │ gzip:   1.80 kB
n8n-editor-ui:build: dist/assets/ToolSettingsModal--X5V7FdW.js                                6.10 kB │ gzip:   1.86 kB
n8n-editor-ui:build: dist/assets/N8nCopyInput-XDcPBVRO.js                                     6.13 kB │ gzip:   1.92 kB
n8n-editor-ui:build: dist/assets/insights.utils-CH2GvIPW.js                                   6.18 kB │ gzip:   1.90 kB
n8n-editor-ui:build: dist/assets/AgentCredentialSelect-CsTAxu1a.js                            6.25 kB │ gzip:   2.00 kB
n8n-editor-ui:build: dist/assets/telemetry-DRAbtT9w.js                                        6.27 kB │ gzip:   2.19 kB
n8n-editor-ui:build: dist/assets/WorkflowExecutionsLandingPage-Djs31eg1.js                    6.40 kB │ gzip:   1.90 kB
n8n-editor-ui:build: dist/assets/N8nUserSelect-DbgYkpjF.js                                    6.46 kB │ gzip:   2.14 kB
n8n-editor-ui:build: dist/assets/agentSkill-n72X-gTB.js                                       6.47 kB │ gzip:   2.03 kB
n8n-editor-ui:build: dist/assets/ModelByIdSelectorModal-TfpAMAJG.js                           6.51 kB │ gzip:   2.02 kB
n8n-editor-ui:build: dist/assets/TimeAgo-RDieAeV7.js                                          6.57 kB │ gzip:   2.33 kB
n8n-editor-ui:build: dist/assets/AgentJsonImportModal-BpIUTC4c.js                             6.71 kB │ gzip:   2.07 kB
n8n-editor-ui:build: dist/assets/Loading-D2VESv-8.js                                          6.72 kB │ gzip:   1.82 kB
n8n-editor-ui:build: dist/assets/useCodeDiff-Ckm3h_g-.js                                      6.73 kB │ gzip:   2.21 kB
n8n-editor-ui:build: dist/assets/Draggable-DLA1nicl.js                                        6.74 kB │ gzip:   2.07 kB
n8n-editor-ui:build: dist/assets/useWorkflowActivate-jtx2FpPX.js                              6.78 kB │ gzip:   1.91 kB
n8n-editor-ui:build: dist/assets/logStreaming.store-Dm9CvflY.js                               6.79 kB │ gzip:   1.75 kB
n8n-editor-ui:build: dist/assets/Collection-DeT_QmPo.js                                       6.86 kB │ gzip:   2.43 kB
n8n-editor-ui:build: dist/assets/CollapsibleTrigger-Dgo-uxtK.js                               6.90 kB │ gzip:   1.94 kB
n8n-editor-ui:build: dist/assets/chatPanel.store-DfNTLae5.js                                  6.96 kB │ gzip:   2.03 kB
n8n-editor-ui:build: dist/assets/_initCloneObject-B-i4hXzE.js                                 6.99 kB │ gzip:   2.01 kB
n8n-editor-ui:build: dist/assets/N8nInfoAccordion-D19zL8_y.js                                 7.01 kB │ gzip:   2.07 kB
n8n-editor-ui:build: dist/assets/ChatLayout-Y3_bOEA-.js                                       7.06 kB │ gzip:   2.41 kB
n8n-editor-ui:build: dist/assets/useWorkflowsEmptyState-DY7uVL3W.js                           7.08 kB │ gzip:   2.20 kB
n8n-editor-ui:build: dist/assets/TemplatesView-Du6Nkn46.js                                    7.18 kB │ gzip:   1.88 kB
n8n-editor-ui:build: dist/assets/posthog.store-kOCOwYrw.js                                    7.30 kB │ gzip:   2.34 kB
n8n-editor-ui:build: dist/assets/RunDataSearch-B_qNzeAV.js                                    7.34 kB │ gzip:   2.43 kB
n8n-editor-ui:build: dist/assets/CredentialsDropdown-CGlynpWw.js                              7.34 kB │ gzip:   2.27 kB
n8n-editor-ui:build: dist/assets/apiKeys.store-YQEZMDDc.js                                    7.40 kB │ gzip:   2.32 kB
n8n-editor-ui:build: dist/assets/N8nSelect-CfFtPavb.js                                        7.41 kB │ gzip:   2.38 kB
n8n-editor-ui:build: dist/assets/ChatWorkflowAgentsView-CSKk9OqT.js                           7.47 kB │ gzip:   2.32 kB
n8n-editor-ui:build: dist/assets/N8nLogo-pAv6T1Jc.js                                          7.51 kB │ gzip:   2.66 kB
n8n-editor-ui:build: dist/assets/ExternalSecretsProviderConnectionSwitch.ee-Cy7lvvcz.js       7.68 kB │ gzip:   2.39 kB
n8n-editor-ui:build: dist/assets/cloudPlan.store-BzmnwZ-a.js                                  7.83 kB │ gzip:   2.30 kB
n8n-editor-ui:build: dist/assets/_baseOrderBy-ZsZupg9d.js                                     7.91 kB │ gzip:   2.07 kB
n8n-editor-ui:build: dist/assets/VisuallyHiddenInput-DbLMUZy2.js                              7.98 kB │ gzip:   2.27 kB
n8n-editor-ui:build: dist/assets/useSettingsItems-CajwsG27.js                                 7.99 kB │ gzip:   2.00 kB
n8n-editor-ui:build: dist/assets/executions.store-z-lnEfy7.js                                 8.01 kB │ gzip:   2.09 kB
n8n-editor-ui:build: dist/assets/evaluation.constants-DwLlHS8O.js                             8.03 kB │ gzip:   2.32 kB
n8n-editor-ui:build: dist/assets/N8nActionToggle-CQAJHycF.js                                  8.05 kB │ gzip:   2.53 kB
n8n-editor-ui:build: dist/assets/SettingsRmWorkflowView-C49NIcJV.js                           8.10 kB │ gzip:   2.25 kB
n8n-editor-ui:build: dist/assets/comlink-BYGvqRui.js                                          8.18 kB │ gzip:   2.56 kB
n8n-editor-ui:build: dist/assets/externalSecrets.ee.store-64Az-xrD.js                         8.19 kB │ gzip:   2.22 kB
n8n-editor-ui:build: dist/assets/N8nButton-ioISb1IO.js                                        8.20 kB │ gzip:   2.65 kB
n8n-editor-ui:build: dist/assets/CredentialSelectorModal-Doc7Uv3_.js                          8.23 kB │ gzip:   2.28 kB
n8n-editor-ui:build: dist/assets/overlay-QbH0zoF4.js                                          8.25 kB │ gzip:   2.58 kB
n8n-editor-ui:build: dist/assets/ExposeAllWorkflowsToMcpModal-CxnkeybK.js                     8.25 kB │ gzip:   2.39 kB
n8n-editor-ui:build: dist/assets/versions.store-DaJKDInR.js                                   8.26 kB │ gzip:   2.52 kB
n8n-editor-ui:build: dist/assets/Switch-C6bf4E0s.js                                           8.27 kB │ gzip:   2.42 kB
n8n-editor-ui:build: dist/assets/TagsDropdown-C6h14NiG.js                                     8.34 kB │ gzip:   2.70 kB
n8n-editor-ui:build: dist/assets/N8nMenuItem-C8sniH0x.js                                      8.46 kB │ gzip:   2.28 kB
n8n-editor-ui:build: dist/assets/N8nResizeWrapper-BbaJvkXq.js                                 8.55 kB │ gzip:   2.57 kB
n8n-editor-ui:build: dist/assets/SettingsAIView-BAjEyIqX.js                                   8.59 kB │ gzip:   2.34 kB
n8n-editor-ui:build: dist/assets/useAgentApi-BN6yQE2G.js                                      8.76 kB │ gzip:   1.69 kB
n8n-editor-ui:build: dist/assets/N8nInputLabel-4MqAiFm8.js                                    8.76 kB │ gzip:   2.47 kB
n8n-editor-ui:build: dist/assets/folders.store-CxzZ05F2.js                                    8.99 kB │ gzip:   2.53 kB
n8n-editor-ui:build: dist/assets/thread-title-CmgPc7Gf.js                                     9.04 kB │ gzip:   2.68 kB
n8n-editor-ui:build: dist/assets/Modal-Bfx7maNo.js                                            9.05 kB │ gzip:   2.76 kB
n8n-editor-ui:build: dist/assets/WorkflowLocation-1crxanSn.js                                 9.09 kB │ gzip:   2.04 kB
n8n-editor-ui:build: dist/assets/useCredentialResolvers-QlcZev1Z.js                           9.10 kB │ gzip:   2.66 kB
n8n-editor-ui:build: dist/assets/N8nFormInputs-ChfeVIRs.js                                    9.25 kB │ gzip:   2.86 kB
n8n-editor-ui:build: dist/assets/usePinnedData-B6MILXOO.js                                    9.31 kB │ gzip:   2.72 kB
n8n-editor-ui:build: dist/assets/McpEmptyStateCard-uk-XvhIY.js                                9.34 kB │ gzip:   2.37 kB
n8n-editor-ui:build: dist/assets/SettingsLayout-D9v55U_u.js                                   9.36 kB │ gzip:   2.53 kB
n8n-editor-ui:build: dist/assets/ResourceFiltersDropdown-ok4B82zh.js                          9.39 kB │ gzip:   2.78 kB
n8n-editor-ui:build: dist/assets/evaluation.utils-DqV79NRP.js                                 9.40 kB │ gzip:   3.04 kB
n8n-editor-ui:build: dist/assets/RunDataParsedAiContent-15sFyiOU.js                           9.65 kB │ gzip:   3.00 kB
n8n-editor-ui:build: dist/assets/RadioGroup-CS3qZYmw.js                                       9.65 kB │ gzip:   2.82 kB
n8n-editor-ui:build: dist/assets/ChatPersonalAgentsView-D9ne1Vqf.js                           9.68 kB │ gzip:   2.79 kB
n8n-editor-ui:build: dist/assets/ResolversView-F1zX2vpH.js                                    9.76 kB │ gzip:   2.70 kB
n8n-editor-ui:build: dist/assets/usePostMessageHandler-C5Xo9QYG.js                            9.76 kB │ gzip:   2.82 kB
n8n-editor-ui:build: dist/assets/useCanvasMapping.groups-50M-1iER.js                          9.96 kB │ gzip:   3.67 kB
n8n-editor-ui:build: dist/assets/N8nActionDropdown-DyHF5E5l.js                               10.05 kB │ gzip:   3.03 kB
n8n-editor-ui:build: dist/assets/notification-aW7kVhX8.js                                    10.11 kB │ gzip:   3.35 kB
n8n-editor-ui:build: dist/assets/useLoadingService-P-oVMAX6.js                               10.28 kB │ gzip:   3.20 kB
n8n-editor-ui:build: dist/assets/RadioGroupItem-DaFo9E-a.js                                  10.31 kB │ gzip:   2.68 kB
n8n-editor-ui:build: dist/assets/dayjs.min-DUkXf25m.js                                       10.31 kB │ gzip:   3.64 kB
n8n-editor-ui:build: dist/assets/RedactedDataState-Dtm67NuK.js                               10.36 kB │ gzip:   3.00 kB
n8n-editor-ui:build: dist/assets/WorkflowExecutionsInfoAccordion-BE3NzPKE.js                 10.40 kB │ gzip:   2.75 kB
n8n-editor-ui:build: dist/assets/InsightsSummary-Ci9j0BEa.js                                 10.46 kB │ gzip:   3.05 kB
n8n-editor-ui:build: dist/assets/pushConnection.store-BFRYLQUf.js                            10.70 kB │ gzip:   2.95 kB
n8n-editor-ui:build: dist/assets/clients.utils-a9jbKftx.js                                   10.73 kB │ gzip:   4.28 kB
n8n-editor-ui:build: dist/assets/useDebounce-DlJ9591s.js                                     10.86 kB │ gzip:   3.56 kB
n8n-editor-ui:build: dist/assets/instanceRoleScopes-BCSVzBmT.js                              10.88 kB │ gzip:   3.54 kB
n8n-editor-ui:build: dist/assets/N8nNodeIcon-DQ_Y91fw.js                                     10.89 kB │ gzip:   2.59 kB
n8n-editor-ui:build: dist/assets/toolIcons-CBT5iiJV.js                                       11.00 kB │ gzip:   2.64 kB
n8n-editor-ui:build: dist/assets/Checkbox-DdZB7ngz.js                                        11.01 kB │ gzip:   3.01 kB
n8n-editor-ui:build: dist/assets/Input-CCqvryaR.js                                           11.02 kB │ gzip:   2.98 kB
n8n-editor-ui:build: dist/assets/ProjectCardBadge-DLSapOvo.js                                11.10 kB │ gzip:   2.81 kB
n8n-editor-ui:build: dist/assets/dataTable.store-CCzxLAb3.js                                 11.11 kB │ gzip:   2.87 kB
n8n-editor-ui:build: dist/assets/useActions-kjSAMllt.js                                      11.23 kB │ gzip:   3.40 kB
n8n-editor-ui:build: dist/assets/radio-Cxt5NT6N.js                                           11.23 kB │ gzip:   2.75 kB
n8n-editor-ui:build: dist/assets/focusPanel.store-C79AzF8L.js                                11.56 kB │ gzip:   3.66 kB
n8n-editor-ui:build: dist/assets/useLatestFetch-D87R6tBx.js                                  11.76 kB │ gzip:   3.36 kB
n8n-editor-ui:build: dist/assets/useAgentScopeProjectId-BOWbiym4.js                          11.87 kB │ gzip:   3.62 kB
n8n-editor-ui:build: dist/assets/banners.store-CEJpQ2W4.js                                   11.89 kB │ gzip:   3.30 kB
n8n-editor-ui:build: dist/assets/templates.store-CgTl5_1q.js                                 11.89 kB │ gzip:   2.72 kB
n8n-editor-ui:build: dist/assets/CredentialPicker-BDCcTIzZ.js                                11.89 kB │ gzip:   3.15 kB
n8n-editor-ui:build: dist/assets/switch-DH7d-8ms.js                                          11.90 kB │ gzip:   3.15 kB
n8n-editor-ui:build: dist/assets/N8nPopover-9YX3Q850.js                                      12.05 kB │ gzip:   3.32 kB
n8n-editor-ui:build: dist/assets/useMcpServerAdapter-CA4nQ9DE.js                             12.26 kB │ gzip:   3.74 kB
n8n-editor-ui:build: dist/assets/useRoleEditorForm-DRyQhWVR.js                               12.26 kB │ gzip:   3.30 kB
n8n-editor-ui:build: dist/assets/useInstanceAiHandoff-EecpTg3m.js                            12.36 kB │ gzip:   3.26 kB
n8n-editor-ui:build: dist/assets/N8nBreadcrumbs-DZkmyGUh.js                                  12.56 kB │ gzip:   3.38 kB
n8n-editor-ui:build: dist/assets/one-password-3uo9egjA.js                                    12.59 kB │ gzip:   6.65 kB
n8n-editor-ui:build: dist/assets/SettingsExternalSecrets-6XsQhRJH.js                         12.59 kB │ gzip:   3.39 kB
n8n-editor-ui:build: dist/assets/DependencyPill-DVEouIKJ.js                                  12.64 kB │ gzip:   3.79 kB
n8n-editor-ui:build: dist/assets/input-number-BYJVy4EV.js                                    12.64 kB │ gzip:   3.70 kB
n8n-editor-ui:build: dist/assets/N8nTabs-BY5P1hge.js                                         12.67 kB │ gzip:   3.36 kB
n8n-editor-ui:build: dist/assets/AiModelSelectorDropdown-B_3DSZAq.js                         12.67 kB │ gzip:   3.42 kB
n8n-editor-ui:build: dist/assets/en-7Bn4ULMw.js                                              12.68 kB │ gzip:   3.64 kB
n8n-editor-ui:build: dist/assets/useCredentialOAuth-BDBZ3x8x.js                              12.75 kB │ gzip:   3.59 kB
n8n-editor-ui:build: dist/assets/DeleteInstanceRoleModal-B0tvw-Oy.js                         12.80 kB │ gzip:   3.89 kB
n8n-editor-ui:build: dist/assets/collaboration.store-Dyc5Ura_.js                             12.82 kB │ gzip:   3.18 kB
n8n-editor-ui:build: dist/assets/workflowsList.store-BzKbMA6p.js                             12.83 kB │ gzip:   3.04 kB
n8n-editor-ui:build: dist/assets/useLogsTreeExpand-AGcSQNYT.js                               12.94 kB │ gzip:   3.97 kB
n8n-editor-ui:build: dist/assets/RunDataJson-BBWGr7oA.js                                     13.11 kB │ gzip:   4.36 kB
n8n-editor-ui:build: dist/assets/SettingsAiGatewayView-CdAWwFqS.js                           13.31 kB │ gzip:   3.52 kB
n8n-editor-ui:build: dist/assets/WorkflowVersionForm-ChiAEFqZ.js                             13.53 kB │ gzip:   3.42 kB
n8n-editor-ui:build: dist/assets/users.store-DN_jqqYF.js                                     13.54 kB │ gzip:   3.56 kB
n8n-editor-ui:build: dist/assets/chat.utils-CdmzcUjX.js                                      13.59 kB │ gzip:   4.03 kB
n8n-editor-ui:build: dist/assets/mcp.store-E6vevLxR.js                                       13.61 kB │ gzip:   3.31 kB
n8n-editor-ui:build: dist/assets/focus-trap-BY88Dwn-.js                                      14.09 kB │ gzip:   3.87 kB
n8n-editor-ui:build: dist/assets/templatedAuth.utils-D5f9HYcG.js                             14.31 kB │ gzip:   4.71 kB
n8n-editor-ui:build: dist/assets/InsightsTableWorkflows-BTiljU2t.js                          14.32 kB │ gzip:   4.75 kB
n8n-editor-ui:build: dist/assets/ToolsSelector-CENHjey8.js                                   14.36 kB │ gzip:   4.06 kB
n8n-editor-ui:build: dist/assets/N8nEmptyState-BSIc4Hgi.js                                   14.41 kB │ gzip:   3.47 kB
n8n-editor-ui:build: dist/assets/MCPConnectWorkflowsModal-DwcsbpMK.js                        14.47 kB │ gzip:   3.94 kB
n8n-editor-ui:build: dist/assets/CommunityNodeUpdateInfo-CHVmehKb.js                         14.60 kB │ gzip:   3.80 kB
n8n-editor-ui:build: dist/assets/scrollbar-DN7tOx57.js                                       14.67 kB │ gzip:   3.88 kB
n8n-editor-ui:build: dist/assets/style-C9Kyx8Mg.js                                           14.76 kB │ gzip:   4.46 kB
n8n-editor-ui:build: dist/assets/MCPConnectAgentsModal-CO9IhQx4.js                           14.76 kB │ gzip:   3.99 kB
n8n-editor-ui:build: dist/assets/SetupWorkflowFromTemplateView-DnCM92YT.js                   14.84 kB │ gzip:   4.05 kB
n8n-editor-ui:build: dist/assets/MigrationRules--vGSEFU3.js                                  14.86 kB │ gzip:   3.29 kB
n8n-editor-ui:build: dist/assets/useWorkflowInitialization-D8ei0X4C.js                       14.92 kB │ gzip:   3.82 kB
n8n-editor-ui:build: dist/assets/personalizedTemplatesV3.store-DCuaxwJt.js                   14.93 kB │ gzip:   4.12 kB
n8n-editor-ui:build: dist/assets/SkeletonAgentCard-BZGHmmXZ.js                               15.00 kB │ gzip:   3.54 kB
n8n-editor-ui:build: dist/assets/N8nFormInput-BRin6hSd.js                                    15.01 kB │ gzip:   4.02 kB
n8n-editor-ui:build: dist/assets/useGlobalEntityCreation-BECmSATq.js                         15.05 kB │ gzip:   3.11 kB
n8n-editor-ui:build: dist/assets/MigrationRuleDetail-BaL75nGb.js                             15.08 kB │ gzip:   4.31 kB
n8n-editor-ui:build: dist/assets/AuthView-B8dszo2U.js                                        15.10 kB │ gzip:   3.53 kB
n8n-editor-ui:build: dist/assets/dialog-hu2ExFk1.js                                          15.22 kB │ gzip:   4.32 kB
n8n-editor-ui:build: dist/assets/AgentSubAgentsModal-BY6DMOe0.js                             15.29 kB │ gzip:   3.60 kB
n8n-editor-ui:build: dist/assets/evaluation.store-BHmp0iqE.js                                15.30 kB │ gzip:   3.66 kB
n8n-editor-ui:build: dist/assets/CreditWarningBanner-BOZlxasN.js                             15.40 kB │ gzip:   3.80 kB
n8n-editor-ui:build: dist/assets/SettingsRowGroup-bMROAyot.js                                15.48 kB │ gzip:   3.99 kB
n8n-editor-ui:build: dist/assets/RMWidgetStoreModal-BHBT59tZ.js                              15.85 kB │ gzip:   4.16 kB
n8n-editor-ui:build: dist/assets/useCustomAgent-DWAtdy0v.js                                  16.61 kB │ gzip:   4.82 kB
n8n-editor-ui:build: dist/assets/DataTableView-BO6TZo2a.js                                   16.85 kB │ gzip:   4.49 kB
n8n-editor-ui:build: dist/assets/SetupTemplateFormStep-l62C-6Q3.js                           17.04 kB │ gzip:   4.45 kB
n8n-editor-ui:build: dist/assets/ProviderSettingsModal-BqaMPgLE.js                           17.08 kB │ gzip:   3.88 kB
n8n-editor-ui:build: dist/assets/SigninView-ZDJ0McsQ.js                                      17.18 kB │ gzip:   4.72 kB
n8n-editor-ui:build: dist/assets/PopoverTrigger-H8-u3Q4w.js                                  17.61 kB │ gzip:   2.89 kB
n8n-editor-ui:build: dist/assets/ToolIcon-CNmIATNn.js                                        17.72 kB │ gzip:   4.44 kB
n8n-editor-ui:build: dist/assets/NodeToolSettingsContent-C7lFgP1z.js                         18.01 kB │ gzip:   4.98 kB
n8n-editor-ui:build: dist/assets/ScopesSelector-BcXHslPQ.js                                  18.33 kB │ gzip:   4.56 kB
n8n-editor-ui:build: dist/assets/N8nInlineTextEdit-CbSWwTAa.js                               18.40 kB │ gzip:   4.42 kB
n8n-editor-ui:build: dist/assets/N8nChatInput-Dl487o8T.js                                    18.40 kB │ gzip:   4.85 kB
n8n-editor-ui:build: dist/assets/AttachmentPreview-Cm026WJF.js                               18.54 kB │ gzip:   4.93 kB
n8n-editor-ui:build: dist/assets/ProjectSharing-DFRop8UF.js                                  18.56 kB │ gzip:   4.66 kB
n8n-editor-ui:build: dist/assets/DataTableDetailsView-DoUHvAdh.js                            18.60 kB │ gzip:   4.71 kB
n8n-editor-ui:build: dist/assets/TemplateList-D7HsJzph.js                                    19.53 kB │ gzip:   4.38 kB
n8n-editor-ui:build: dist/assets/plugin-vue_export-helper-DvUOMW51.js                        19.65 kB │ gzip:   4.39 kB
n8n-editor-ui:build: dist/assets/FocusScope-3pgqX_xX.js                                      19.73 kB │ gzip:   5.88 kB
n8n-editor-ui:build: dist/assets/BrowserUseSetupContent-ncSTw__9.js                          19.83 kB │ gzip:   4.87 kB
n8n-editor-ui:build: dist/assets/TemplatesCollectionView-BmQPSiM4.js                         19.97 kB │ gzip:   4.56 kB
n8n-editor-ui:build: dist/assets/aiTemplatesStarterCollection.store-BIh6PfIH.js              20.27 kB │ gzip:   5.19 kB
n8n-editor-ui:build: dist/assets/assistant.store-CeLNg-1X.js                                 20.27 kB │ gzip:   4.64 kB
n8n-editor-ui:build: dist/assets/RolesView-Cynbn3cg.js                                       20.55 kB │ gzip:   5.11 kB
n8n-editor-ui:build: dist/assets/AgentsListView-BLWG1NLz.js                                  20.76 kB │ gzip:   5.73 kB
n8n-editor-ui:build: dist/assets/NodeCreation-DYJONWta.js                                    20.80 kB │ gzip:   6.56 kB
n8n-editor-ui:build: dist/assets/OAuthConsentView-BZHGXoY_.js                                21.40 kB │ gzip:   4.74 kB
n8n-editor-ui:build: dist/assets/SettingsMCPAgentsView-Dnug_Edc.js                           21.51 kB │ gzip:   5.23 kB
n8n-editor-ui:build: dist/assets/N8nHoverCard-BnH-fBPf.js                                    21.53 kB │ gzip:   4.76 kB
n8n-editor-ui:build: dist/assets/SettingsCommunityNodesView-D_kAVlMe.js                      22.08 kB │ gzip:   5.09 kB
n8n-editor-ui:build: dist/assets/SettingsPersonalView-DMRliLSS.js                            22.15 kB │ gzip:   5.00 kB
n8n-editor-ui:build: dist/assets/SettingsEncryptionKeys-C_cQwFFq.js                          22.23 kB │ gzip:   5.71 kB
n8n-editor-ui:build: dist/assets/ComputerUseSetupContent-CQ36KxBS.js                         22.30 kB │ gzip:   7.22 kB
n8n-editor-ui:build: dist/assets/SettingsLogStreamingView-DaDyx2_b.js                        22.37 kB │ gzip:   5.43 kB
n8n-editor-ui:build: dist/assets/N8nToggleGroup-70-WvQdz.js                                  22.40 kB │ gzip:   4.83 kB
n8n-editor-ui:build: dist/assets/TemplatesWorkflowView-cT3owCA2.js                           22.43 kB │ gzip:   5.59 kB
n8n-editor-ui:build: dist/assets/AgentSessionTimelineView-CDLQGPwM.js                        22.74 kB │ gzip:   5.92 kB
n8n-editor-ui:build: dist/assets/DataTableActions--cvmQKpl.js                                22.77 kB │ gzip:   5.01 kB
n8n-editor-ui:build: dist/assets/ProjectVariables-DuB7lpUx.js                                22.91 kB │ gzip:   5.93 kB
n8n-editor-ui:build: dist/assets/AddDataTableModal-D7doXMv1.js                               23.29 kB │ gzip:   5.48 kB
n8n-editor-ui:build: dist/assets/SettingsUsageAndPlan-B8Rcp-nl.js                            23.64 kB │ gzip:   5.48 kB
n8n-editor-ui:build: dist/assets/InstanceAiToolsConnectionModalWrapper-DM8O1iab.js           24.22 kB │ gzip:   6.05 kB
n8n-editor-ui:build: dist/assets/SettingsMCPWorkflowsView-BOAcIpSm.js                        24.47 kB │ gzip:   5.83 kB
n8n-editor-ui:build: dist/assets/InstanceRoleView-CJWOJ-Kw.js                                24.55 kB │ gzip:   6.20 kB
n8n-editor-ui:build: dist/assets/N8nPagination-CuvXvLWe.js                                   24.96 kB │ gzip:   5.57 kB
n8n-editor-ui:build: dist/assets/instanceAiSettings.store-i7aK3D87.js                        25.38 kB │ gzip:   5.90 kB
n8n-editor-ui:build: dist/assets/useMessage-DDiyh2eg.js                                      25.84 kB │ gzip:   6.91 kB
n8n-editor-ui:build: dist/assets/readyToRun.store-DC4SrsCE.js                                25.99 kB │ gzip:   7.15 kB
n8n-editor-ui:build: dist/assets/input-CS3aSrw-.js                                           26.12 kB │ gzip:   6.65 kB
n8n-editor-ui:build: dist/assets/lucide-icons-bucket-13-DpEeHtJJ.js                          26.16 kB │ gzip:   5.41 kB
n8n-editor-ui:build: dist/assets/lucide-icons-bucket-14-CD3B7d86.js                          26.36 kB │ gzip:   5.28 kB
n8n-editor-ui:build: dist/assets/TrialIntroModal-CY1aUboL.js                                 26.48 kB │ gzip:   5.13 kB
n8n-editor-ui:build: dist/assets/AgentToolsConnectionModalWrapper-eta8UTug.js                27.04 kB │ gzip:   7.16 kB
n8n-editor-ui:build: dist/assets/GroupedMetricChart-MsmqWMic.js                              27.32 kB │ gzip:   6.07 kB
n8n-editor-ui:build: dist/assets/ProjectRoleView-CDMoOz6D.js                                 27.93 kB │ gzip:   6.45 kB
n8n-editor-ui:build: dist/assets/AgentSessionsListView-BS07aJmF.js                           28.27 kB │ gzip:   6.57 kB
n8n-editor-ui:build: dist/assets/ToolsManagerModal-Dmv-VCf3.js                               28.81 kB │ gzip:   6.75 kB
n8n-editor-ui:build: dist/assets/lucide-icons-bucket-11-D7vaJXQo.js                          28.86 kB │ gzip:   6.18 kB
n8n-editor-ui:build: dist/assets/lucide-icons-bucket-6-Ryd7lkBK.js                           28.99 kB │ gzip:   5.95 kB
n8n-editor-ui:build: dist/assets/SettingsSecretsProviders.ee-mZ3X5UOs.js                     29.43 kB │ gzip:   6.31 kB
n8n-editor-ui:build: dist/assets/lucide-icons-bucket-7-BXx7NM3N.js                           29.48 kB │ gzip:   6.36 kB
n8n-editor-ui:build: dist/assets/lucide-icons-bucket-9-DQEs-Bcf.js                           29.51 kB │ gzip:   6.58 kB
n8n-editor-ui:build: dist/assets/useRunWorkflow-D0ZJ8uOq.js                                  30.38 kB │ gzip:   7.99 kB
n8n-editor-ui:build: dist/assets/CredentialsView-ClElFxf7.js                                 31.34 kB │ gzip:   7.61 kB
n8n-editor-ui:build: dist/assets/DialogTitle-DRXQU_ly.js                                     31.95 kB │ gzip:   5.56 kB
n8n-editor-ui:build: dist/assets/RoleSelectDropdown-BxI9NHNF.js                              32.06 kB │ gzip:   6.76 kB
n8n-editor-ui:build: dist/assets/ResourcesListLayout-BnR0J94J.js                             32.09 kB │ gzip:   7.81 kB
n8n-editor-ui:build: dist/assets/SettingsSourceControl-Bmkixg8Z.js                           32.14 kB │ gzip:   6.41 kB
n8n-editor-ui:build: dist/assets/VisuallyHidden-zde_Mvwi.js                                  32.23 kB │ gzip:   9.27 kB
n8n-editor-ui:build: dist/assets/ResourceCenterView-Cl-1P64r.js                              32.33 kB │ gzip:   7.73 kB
n8n-editor-ui:build: dist/assets/lucide-icons-bucket-15-CS4o1cYa.js                          32.42 kB │ gzip:   6.63 kB
n8n-editor-ui:build: dist/assets/ChatLayout-BmvmVjII.js                                      32.84 kB │ gzip:   7.44 kB
n8n-editor-ui:build: dist/assets/InsightsDashboard-Dl7GldrY.js                               33.07 kB │ gzip:   9.20 kB
n8n-editor-ui:build: dist/assets/N8nAvatar-B-DBl61z.js                                       33.28 kB │ gzip:   6.46 kB
n8n-editor-ui:build: dist/assets/lucide-icons-bucket-4-BLphNzEb.js                           33.32 kB │ gzip:   6.95 kB
n8n-editor-ui:build: dist/assets/Tooltip-DZg0vsHC.js                                         33.53 kB │ gzip:   7.59 kB
n8n-editor-ui:build: dist/assets/ProjectHeader-D2oCc4jD.js                                   33.79 kB │ gzip:   7.77 kB
n8n-editor-ui:build: dist/assets/AgentVectorStoresModal-B7Tv3g1_.js                          34.51 kB │ gzip:   7.92 kB
n8n-editor-ui:build: dist/assets/lucide-icons-bucket-2-MF3Z03oN.js                           34.65 kB │ gzip:   7.57 kB
n8n-editor-ui:build: dist/assets/lucide-icons-bucket-0-2LGiYeAC.js                           34.71 kB │ gzip:   7.09 kB
n8n-editor-ui:build: dist/assets/lucide-icons-bucket-1-DO_hct8r.js                           34.86 kB │ gzip:   7.46 kB
n8n-editor-ui:build: dist/assets/vue-json-pretty-CN2LayVk.js                                 35.18 kB │ gzip:  10.03 kB
n8n-editor-ui:build: dist/assets/ExecutionsTime-DQ88jW-D.js                                  35.40 kB │ gzip:   7.13 kB
n8n-editor-ui:build: dist/assets/GitConnectionsView-g90pseYP.js                              35.59 kB │ gzip:   7.03 kB
n8n-editor-ui:build: dist/assets/lucide-icons-bucket-3-DPj9nR1U.js                           35.82 kB │ gzip:   7.20 kB
n8n-editor-ui:build: dist/assets/lucide-icons-bucket-8-DEC0wOs4.js                           35.83 kB │ gzip:   7.81 kB
n8n-editor-ui:build: dist/assets/useNodeHelpers-CZqCyB5h.js                                  36.50 kB │ gzip:   8.24 kB
n8n-editor-ui:build: dist/assets/color-picker-DUDKra3f.js                                    36.63 kB │ gzip:   8.80 kB
n8n-editor-ui:build: dist/assets/lucide-icons-bucket-5-BYWVAFGp.js                           36.90 kB │ gzip:   7.59 kB
n8n-editor-ui:build: dist/assets/SettingsChatHubView-DGPbQ2A3.js                             36.95 kB │ gzip:   7.01 kB
n8n-editor-ui:build: dist/assets/lucide-icons-bucket-12-CyqRYjnG.js                          37.02 kB │ gzip:   7.69 kB
n8n-editor-ui:build: dist/assets/SecuritySettings-D4XXOUYh.js                                37.22 kB │ gzip:   5.30 kB
n8n-editor-ui:build: dist/assets/dropdown-TluSlGbC.js                                        37.29 kB │ gzip:   8.40 kB
n8n-editor-ui:build: dist/assets/lucide-icons-bucket-10-DfUvbJx0.js                          37.97 kB │ gzip:   7.78 kB
n8n-editor-ui:build: dist/assets/usePushConnection-B4GDgTCP.js                               38.92 kB │ gzip:   8.21 kB
n8n-editor-ui:build: dist/assets/xml-AqPLxZQZ.js                                             39.06 kB │ gzip:   8.16 kB
n8n-editor-ui:build: dist/assets/EvaluationsRootView-vZYY6ZUU.js                             39.11 kB │ gzip:   7.28 kB
n8n-editor-ui:build: dist/assets/N8nScrollArea-CW3PTCG8.js                                   39.70 kB │ gzip:   7.43 kB
n8n-editor-ui:build: dist/assets/button-BX5Enwbl.js                                          39.88 kB │ gzip:  10.58 kB
n8n-editor-ui:build: dist/assets/readyToRunWorkflows.store-OrrOnT-p.js                       40.90 kB │ gzip:  10.37 kB
n8n-editor-ui:build: dist/assets/WorkflowExecutionsView-BaU9jbmX.js                          41.03 kB │ gzip:   8.91 kB
n8n-editor-ui:build: dist/assets/use-namespace-BaYeWL9f.js                                   41.39 kB │ gzip:   9.16 kB
n8n-editor-ui:build: dist/assets/AppSidebar-DWo6tDXS.js                                      41.55 kB │ gzip:   9.19 kB
n8n-editor-ui:build: dist/assets/SettingsInstanceAiView-DS-NAWLe.js                          41.60 kB │ gzip:   7.83 kB
n8n-editor-ui:build: dist/assets/AgentEditorModal-Dd1MevsN.js                                41.69 kB │ gzip:   9.15 kB
n8n-editor-ui:build: dist/assets/lib-vJcwukKE.js                                             41.83 kB │ gzip:   8.75 kB
n8n-editor-ui:build: dist/assets/ui.store-bVS-tpMz.js                                        41.97 kB │ gzip:  12.83 kB
n8n-editor-ui:build: dist/assets/CalendarDate-BViQJNZ4.js                                    42.02 kB │ gzip:   8.71 kB
n8n-editor-ui:build: dist/assets/InstanceAiView-Ds41EkTu.js                                  43.03 kB │ gzip:   9.65 kB
n8n-editor-ui:build: dist/assets/RunDataTable-CbFYFzkw.js                                    43.15 kB │ gzip:   9.85 kB
n8n-editor-ui:build: dist/assets/constants-Bt_eRz5r.js                                       44.40 kB │ gzip:  12.42 kB
n8n-editor-ui:build: dist/assets/WorkerView-BamIYmVK.js                                      45.00 kB │ gzip:   8.65 kB
n8n-editor-ui:build: dist/assets/SettingsMCPClientsView-B0du8NxQ.js                          45.78 kB │ gzip:   9.42 kB
n8n-editor-ui:build: dist/assets/MfaSetupModal-DPnleWDT.js                                   45.88 kB │ gzip:  11.69 kB
n8n-editor-ui:build: dist/assets/ExecutionsView-DvGkPesE.js                                  46.66 kB │ gzip:   9.84 kB
n8n-editor-ui:build: dist/assets/LogsOverviewRow-xZV2PH2E.js                                 46.93 kB │ gzip:  11.95 kB
n8n-editor-ui:build: dist/assets/chat.store-BOeD000i.js                                      50.27 kB │ gzip:  10.91 kB
n8n-editor-ui:build: dist/assets/SettingsUsersView-Cb4L-q-_.js                               50.69 kB │ gzip:  10.61 kB
n8n-editor-ui:build: dist/assets/upload-Bi7soDbx.js                                          51.76 kB │ gzip:  12.05 kB
n8n-editor-ui:build: dist/assets/semver-BwtKYZPt.js                                          51.92 kB │ gzip:  10.25 kB
n8n-editor-ui:build: dist/assets/settings.store-CkTIA-Xk.js                                  53.85 kB │ gzip:  10.90 kB
n8n-editor-ui:build: dist/assets/TemplatesSearchView-DAFPdnvn.js                             56.00 kB │ gzip:  13.05 kB
n8n-editor-ui:build: dist/assets/TestRunDetailView-CIrz7exc.js                               56.74 kB │ gzip:  11.21 kB
n8n-editor-ui:build: dist/assets/core-DettzGq-.js                                            56.94 kB │ gzip:  16.23 kB
n8n-editor-ui:build: dist/assets/SettingsOpenTelemetryView-DMX8bQkW.js                       57.61 kB │ gzip:  11.19 kB
n8n-editor-ui:build: dist/assets/N8nIconPicker-DT3rdD-U.js                                   59.62 kB │ gzip:  13.90 kB
n8n-editor-ui:build: dist/assets/WorkflowExecutionsPreview-zWyONc8N.js                       60.88 kB │ gzip:  13.31 kB
n8n-editor-ui:build: dist/assets/RunDataJsonActions-CVtXRdVx.js                              61.33 kB │ gzip:  16.72 kB
n8n-editor-ui:build: dist/assets/SettingsApiView-CnIaLDnO.js                                 62.63 kB │ gzip:  12.82 kB
n8n-editor-ui:build: dist/assets/ToolsConnectionModal-D7iybQi0.js                            63.20 kB │ gzip:  11.90 kB
n8n-editor-ui:build: dist/assets/vue-router-CMlLwP0b.js                                      65.51 kB │ gzip:  18.54 kB
n8n-editor-ui:build: dist/assets/MainSidebarHeader-DEOnxP3d.js                               65.59 kB │ gzip:  14.76 kB
n8n-editor-ui:build: dist/assets/WorkflowBuilderUnavailableNotice-yix6UD5Z.js                65.74 kB │ gzip:  14.44 kB
n8n-editor-ui:build: dist/assets/MCPOnboardingModal-B9SwZURg.js                              66.33 kB │ gzip:  14.20 kB
n8n-editor-ui:build: dist/assets/EvalCollectionsListView-Bee7JX2R.js                         66.35 kB │ gzip:  12.25 kB
n8n-editor-ui:build: dist/assets/Select-jmdCbSsm.js                                          66.42 kB │ gzip:  12.80 kB
n8n-editor-ui:build: dist/assets/src-D5g9uPK8.js                                             68.40 kB │ gzip:  20.05 kB
n8n-editor-ui:build: dist/assets/node-icons-anAlH59F.js                                      70.46 kB │ gzip:  10.01 kB
n8n-editor-ui:build: dist/assets/tooltip-UDIZzyA4.js                                         71.27 kB │ gzip:  18.37 kB
n8n-editor-ui:build: dist/assets/ChatView-Cc80wB6n.js                                        71.60 kB │ gzip:  15.69 kB
n8n-editor-ui:build: dist/assets/merge-C9pe4n1w.js                                           72.71 kB │ gzip:  12.06 kB
n8n-editor-ui:build: dist/assets/AgentToolConfigModal-DT4DswnI.js                            76.24 kB │ gzip:  15.38 kB
n8n-editor-ui:build: dist/assets/InstanceAiOnboardingWizard-CrTVSTar.js                      76.46 kB │ gzip:  13.73 kB
n8n-editor-ui:build: dist/assets/ProjectSettings-CaCWNQyD.js                                 77.41 kB │ gzip:  15.29 kB
n8n-editor-ui:build: dist/assets/WorkflowLayout-Dl-93hQv.js                                  81.23 kB │ gzip:  17.37 kB
n8n-editor-ui:build: dist/assets/PopperContent-B6pVH04N.js                                   81.74 kB │ gzip:  19.73 kB
n8n-editor-ui:build: dist/assets/ChatGreetings-BfxBwk_7.js                                   82.33 kB │ gzip:  15.51 kB
n8n-editor-ui:build: dist/assets/dist-BKkqSB6h.js                                            82.70 kB │ gzip:  20.36 kB
n8n-editor-ui:build: dist/assets/SettingsMCPView-DHWg2iZV.js                                 82.71 kB │ gzip:  16.06 kB
n8n-editor-ui:build: dist/assets/FixedCollectionParameter-DEhX4ROw.js                        82.95 kB │ gzip:  14.92 kB
n8n-editor-ui:build: dist/assets/instanceAi.store-DDJWWxFc.js                                84.83 kB │ gzip:  20.29 kB
n8n-editor-ui:build: dist/assets/vuedraggable-BA3v0oeY.js                                    88.58 kB │ gzip:  22.40 kB
n8n-editor-ui:build: dist/assets/EvaluationsListSwitcher-CGjBq6M7.js                         89.29 kB │ gzip:  20.54 kB
n8n-editor-ui:build: dist/assets/CompareCollectionView-9oGw_RJ1.js                           94.93 kB │ gzip:  18.19 kB
n8n-editor-ui:build: dist/assets/VirtualSchema-BJB969lc.js                                   95.54 kB │ gzip:  24.98 kB
n8n-editor-ui:build: dist/assets/CanvasRunWorkflowButton-BPPoq0pM.js                         97.08 kB │ gzip:  24.65 kB
n8n-editor-ui:build: dist/assets/agents.eventBus-DJ1bZey8.js                                103.38 kB │ gzip:  22.77 kB
n8n-editor-ui:build: dist/assets/WorkflowHistory-DyKJMxg4.js                                106.35 kB │ gzip:  20.57 kB
n8n-editor-ui:build: dist/assets/exports-CT8_aG8V.js                                        109.40 kB │ gzip:  26.31 kB
n8n-editor-ui:build: dist/assets/builder.store-DY2w4GGp.js                                  114.08 kB │ gzip:  27.95 kB
n8n-editor-ui:build: dist/assets/DropdownMenu-Bb-nTL3B.js                                   114.29 kB │ gzip:  18.84 kB
n8n-editor-ui:build: dist/assets/NodeDetailsView-DJ_98hz0.js                                117.22 kB │ gzip:  24.64 kB
n8n-editor-ui:build: dist/assets/N8nDataTableServer-mRKI0QOJ.js                             118.14 kB │ gzip:  24.15 kB
n8n-editor-ui:build: dist/assets/select-B42FZLX8.js                                         120.70 kB │ gzip:  26.98 kB
n8n-editor-ui:build: dist/assets/canvas.eventBus-DKjWvxvq.js                                120.95 kB │ gzip:  23.84 kB
n8n-editor-ui:build: dist/assets/WorkflowReviewRequestsView-DFR--FMh.js                     137.28 kB │ gzip:  26.33 kB
n8n-editor-ui:build: dist/assets/NodeSettings-CAsCV3zJ.js                                   145.36 kB │ gzip:  33.09 kB
n8n-editor-ui:build: dist/assets/SettingsSso-BPzppxy7.js                                    149.17 kB │ gzip:  27.30 kB
n8n-editor-ui:build: dist/assets/useCanvasOperations-Be07Xn5O.js                            150.13 kB │ gzip:  35.26 kB
n8n-editor-ui:build: dist/assets/date-picker-NuIqJ1S4.js                                    152.77 kB │ gzip:  29.54 kB
n8n-editor-ui:build: dist/assets/useExecutionDebugging-BTklv-Ad.js                          155.71 kB │ gzip:  34.66 kB
n8n-editor-ui:build: dist/assets/N8nMarkdown-m4yyg4uO.js                                    170.24 kB │ gzip:  50.39 kB
n8n-editor-ui:build: dist/assets/DateRangePicker-hgTDd2mE.js                                175.11 kB │ gzip:  30.43 kB
n8n-editor-ui:build: dist/assets/table-CLSfXu43.js                                          176.12 kB │ gzip:  40.62 kB
n8n-editor-ui:build: dist/assets/MainHeader-i6mnaLk1.js                                     179.16 kB │ gzip:  35.99 kB
n8n-editor-ui:build: dist/assets/NodeCreator-C3f0Kj6c.js                                    181.19 kB │ gzip:  34.44 kB
n8n-editor-ui:build: dist/assets/useRootStore-D80XvXSi.js                                   184.66 kB │ gzip:  47.65 kB
n8n-editor-ui:build: dist/assets/WorkflowDiffView-Ch3oVWA2.js                               223.89 kB │ gzip:  56.50 kB
n8n-editor-ui:build: dist/assets/Icon-CVBPBDUj.js                                           229.97 kB │ gzip:  36.00 kB
n8n-editor-ui:build: dist/assets/SettingsLdapView-CJIUvrjY.js                               232.40 kB │ gzip:  54.61 kB
n8n-editor-ui:build: dist/assets/AgentSkillModal-IgmYjjRE.js                                243.33 kB │ gzip:  57.21 kB
n8n-editor-ui:build: dist/assets/WorkflowsView-wXSu1iX_.js                                  244.45 kB │ gzip:  48.09 kB
n8n-editor-ui:build: dist/assets/router-Dup6wPkq.js                                         245.09 kB │ gzip:  54.38 kB
n8n-editor-ui:build: dist/assets/markdown-it-Bl8JBbYc.js                                    263.31 kB │ gzip:  69.02 kB
n8n-editor-ui:build: dist/assets/vue.runtime.esm-bundler-DYHsQBZB.js                        282.28 kB │ gzip:  70.90 kB
n8n-editor-ui:build: dist/assets/AgentTaskModal-DGO1Hdyk.js                                 284.25 kB │ gzip:  64.03 kB
n8n-editor-ui:build: dist/assets/lucideIconData-B57gOXDr.js                                 321.72 kB │ gzip:  50.82 kB
n8n-editor-ui:build: dist/assets/useImportCurlCommand-CYpsNLm1.js                           324.78 kB │ gzip:  65.08 kB
n8n-editor-ui:build: dist/assets/emojiData-B582hSHx.js                                      335.31 kB │ gzip:  56.52 kB
n8n-editor-ui:build: dist/assets/languageModules-H18SvWUP.js                                337.59 kB │ gzip:  92.08 kB
n8n-editor-ui:build: dist/assets/NodeView-BWX7ZPV8.js                                       355.09 kB │ gzip:  74.10 kB
n8n-editor-ui:build: dist/assets/chart-BapFHvDJ.js                                          359.05 kB │ gzip:  89.95 kB
n8n-editor-ui:build: dist/assets/AgentPreviewDock-MpN11-wT.js                               384.95 kB │ gzip:  80.97 kB
n8n-editor-ui:build: dist/assets/RunData-g4PzZrYN.js                                        389.55 kB │ gzip:  84.12 kB
n8n-editor-ui:build: dist/assets/sanitize-html-t4pj04-O.js                                  407.28 kB │ gzip: 116.22 kB
n8n-editor-ui:build: dist/assets/InstanceAiEmptyView-CI8KWCCz.js                            465.41 kB │ gzip: 116.19 kB
n8n-editor-ui:build: dist/assets/InstanceAiThreadView-B3OsrW2S.js                           598.79 kB │ gzip: 118.08 kB
n8n-editor-ui:build: dist/assets/ChatMarkdownChunk-DOvHv4dl.js                              622.62 kB │ gzip: 123.00 kB
n8n-editor-ui:build: dist/assets/useWorkflowDocumentRenderData-cP8uhYxp.js                  682.07 kB │ gzip: 150.37 kB
n8n-editor-ui:build: dist/assets/NDVEmptyState-CbSo0u1y.js                                  737.05 kB │ gzip: 185.34 kB
n8n-editor-ui:build: dist/assets/AgentBuilderView-B_2D0uPq.js                               786.61 kB │ gzip: 177.17 kB
n8n-editor-ui:build: dist/assets/src-G9aZQkZE.js                                            802.64 kB │ gzip: 176.38 kB
n8n-editor-ui:build: dist/assets/workflows.store-BF-BztST.js                                832.38 kB │ gzip: 198.48 kB
n8n-editor-ui:build: dist/assets/expressions-DcHl-4_T.js                                    866.45 kB │ gzip: 242.70 kB
n8n-editor-ui:build: dist/assets/MarkdownEditor-6b7Spd_u.js                               1,102.13 kB │ gzip: 271.13 kB
n8n-editor-ui:build: dist/assets/es-yGnC8xjv.js                                           1,266.94 kB │ gzip: 341.48 kB
n8n-editor-ui:build: dist/assets/ParameterInputList-B0dQO_SY.js                           1,481.89 kB │ gzip: 359.83 kB
n8n-editor-ui:build: dist/assets/DataTableTable-IWESsF55.js                               1,610.07 kB │ gzip: 363.74 kB
n8n-editor-ui:build: dist/assets/index-hl4U6Hwb.js                                        3,140.90 kB │ gzip: 665.38 kB
n8n-editor-ui:build: dist/assets/src-BMrpHj0t.js                                          3,342.86 kB │ gzip: 664.29 kB
n8n-editor-ui:build: 
n8n-editor-ui:build: [33m[EVAL] Warning:[0m Use of direct `eval` function is strongly discouraged as it poses security risks and may cause issues with minification.
n8n-editor-ui:build:       [38;5;246m╭[0m[38;5;246m─[0m[38;5;246m[[0m ../../../node_modules/.pnpm/web-tree-sitter@0.24.3/node_modules/web-tree-sitter/tree-sitter.js:1195:37 [38;5;246m][0m
n8n-editor-ui:build:       [38;5;246m│[0m
n8n-editor-ui:build:  [38;5;246m1195 │[0m [38;5;249m [0m[38;5;249m [0m[38;5;249m [0m[38;5;249m [0m[38;5;249m [0m[38;5;249m [0m[38;5;249m [0m[38;5;249m [0m[38;5;249m [0m[38;5;249m [0m[38;5;249m [0m[38;5;249m [0m[38;5;249m [0m[38;5;249m [0m[38;5;249m [0m[38;5;249m [0m[38;5;249mA[0m[38;5;249mS[0m[38;5;249mM[0m[38;5;249m_[0m[38;5;249mC[0m[38;5;249mO[0m[38;5;249mN[0m[38;5;249mS[0m[38;5;249mT[0m[38;5;249mS[0m[38;5;249m[[0m[38;5;249ms[0m[38;5;249mt[0m[38;5;249ma[0m[38;5;249mr[0m[38;5;249mt[0m[38;5;249m][0m[38;5;249m [0m[38;5;249m=[0m[38;5;249m [0meval[38;5;249m([0m[38;5;249mf[0m[38;5;249mu[0m[38;5;249mn[0m[38;5;249mc[0m[38;5;249m)[0m[38;5;249m;[0m
n8n-editor-ui:build:  [38;5;240m     │[0m                                     ──┬─  
n8n-editor-ui:build:  [38;5;240m     │[0m                                       ╰─── Use of direct `eval` here.
n8n-editor-ui:build:  [38;5;240m     │[0m 
n8n-editor-ui:build:  [38;5;240m     │[0m [38;5;115mHelp[0m: Consider using indirect eval. For more information, check the documentation: https://rolldown.rs/guide/troubleshooting#avoiding-direct-eval
n8n-editor-ui:build: [38;5;246m──────╯[0m
n8n-editor-ui:build: 
n8n-editor-ui:build: [33m[EVAL] Warning:[0m Use of direct `eval` function is strongly discouraged as it poses security risks and may cause issues with minification.
n8n-editor-ui:build:       [38;5;246m╭[0m[38;5;246m─[0m[38;5;246m[[0m ../../../node_modules/.pnpm/web-tree-sitter@0.24.3/node_modules/web-tree-sitter/tree-sitter.js:1221:39 [38;5;246m][0m
n8n-editor-ui:build:       [38;5;246m│[0m
n8n-editor-ui:build:  [38;5;246m1221 │[0m [38;5;249m [0m[38;5;249m [0m[38;5;249m [0m[38;5;249m [0m[38;5;249m [0m[38;5;249m [0m[38;5;249m [0m[38;5;249m [0m[38;5;249m [0m[38;5;249m [0m[38;5;249m [0m[38;5;249m [0m[38;5;249m [0m[38;5;249m [0m[38;5;249m [0m[38;5;249m [0m[38;5;249mm[0m[38;5;249mo[0m[38;5;249md[0m[38;5;249mu[0m[38;5;249ml[0m[38;5;249me[0m[38;5;249mE[0m[38;5;249mx[0m[38;5;249mp[0m[38;5;249mo[0m[38;5;249mr[0m[38;5;249mt[0m[38;5;249ms[0m[38;5;249m[[0m[38;5;249mn[0m[38;5;249ma[0m[38;5;249mm[0m[38;5;249me[0m[38;5;249m][0m[38;5;249m [0m[38;5;249m=[0m[38;5;249m [0meval[38;5;249m([0m[38;5;249mf[0m[38;5;249mu[0m[38;5;249mn[0m[38;5;249mc[0m[38;5;249m)[0m[38;5;249m;[0m
n8n-editor-ui:build:  [38;5;240m     │[0m                                       ──┬─  
n8n-editor-ui:build:  [38;5;240m     │[0m                                         ╰─── Use of direct `eval` here.
n8n-editor-ui:build:  [38;5;240m     │[0m 
n8n-editor-ui:build:  [38;5;240m     │[0m [38;5;115mHelp[0m: Consider using indirect eval. For more information, check the documentation: https://rolldown.rs/guide/troubleshooting#avoiding-direct-eval
n8n-editor-ui:build: [38;5;246m──────╯[0m
n8n-editor-ui:build: 
n8n-editor-ui:build: [33m[INEFFECTIVE_DYNAMIC_IMPORT] Warning:[0m src/features/ndv/parameters/components/Collection/CollectionParameter.vue is dynamically imported by src/features/ndv/parameters/components/ParameterInputList.vue?vue&type=script&setup=true&lang.ts but also statically imported by src/features/ndv/parameters/components/MultipleParameter.vue?vue&type=script&setup=true&lang.ts, dynamic import will not move module into another chunk.
n8n-editor-ui:build: 
n8n-editor-ui:build: [33m[PLUGIN_TIMINGS] Warning:[0m Your build spent significant time in plugins. Here is a breakdown:
n8n-editor-ui:build:   - vite:css (60%)
n8n-editor-ui:build:   - unplugin-icons (25%)
n8n-editor-ui:build:   - n8n:lucide-icons (4%)
n8n-editor-ui:build:   - node-popularity-plugin (4%)
n8n-editor-ui:build: See https://rolldown.rs/options/checks#plugintimings for more details.
n8n-editor-ui:build: 
n8n-editor-ui:build: ✓ built in 28.45s
n8n:build: cache miss, executing fa70ce4afeb61870
n8n:build: $ tsc -p tsconfig.build.json && tsc-alias -p tsconfig.build.json && pnpm run build:data && pnpm run build:agent-library
n8n:build: $ node scripts/build.mjs
n8n:build: $ node scripts/bundle-agent-library.mjs
n8n:build: [bundle-agent-library] Wrote dist\agent-library-bundle.js — 221.6 KB (0.22 MB)

 Tasks:    71 successful, 71 total
Cached:    59 cached, 71 total
  Time:    2m10.043s 

$ tsc -p tsconfig.json && node scripts/generate-translations.mjs && node scripts/copy-codex.mjs
Wrote D:\CODE\N8N\n8n\custom\n8n-nodes-rm-workflow\src\nodes\RmSapWorkflow\translations\zh\rmSapWorkflow.json
Wrote D:\CODE\N8N\n8n\custom\n8n-nodes-rm-workflow\src\nodes\RmSapWorkflow\translations\vi\rmSapWorkflow.json
Wrote D:\CODE\N8N\n8n\custom\n8n-nodes-rm-workflow\src\nodes\RmWebAutoWorkflow\translations\zh\rmWebAutoWorkflow.json
Wrote D:\CODE\N8N\n8n\custom\n8n-nodes-rm-workflow\src\nodes\RmWebAutoWorkflow\translations\vi\rmWebAutoWorkflow.json
Translation generation complete.
Copied static node assets to dist/
